,rouge_distilbart,rouge_gpt2,rouge_t5
0,"[{'rouge-1': {'r': 0.2549019607843137, 'p': 0.3939393939393939, 'f': 0.3095238047534014}, 'rouge-2': {'r': 0.11666666666666667, 'p': 0.21212121212121213, 'f': 0.1505376298300383}, 'rouge-l': {'r': 0.23529411764705882, 'p': 0.36363636363636365, 'f': 0.28571428094387763}}]","[{'rouge-1': {'r': 0.25, 'p': 0.3333333333333333, 'f': 0.2857142808163266}, 'rouge-2': {'r': 0.11538461538461539, 'p': 0.18181818181818182, 'f': 0.14117646583806245}, 'rouge-l': {'r': 0.22727272727272727, 'p': 0.30303030303030304, 'f': 0.2597402548423006}}]","[{'rouge-1': {'r': 0.28846153846153844, 'p': 0.45454545454545453, 'f': 0.3529411717204152}, 'rouge-2': {'r': 0.11290322580645161, 'p': 0.21212121212121213, 'f': 0.1473684165185597}, 'rouge-l': {'r': 0.2692307692307692, 'p': 0.42424242424242425, 'f': 0.3294117599557094}}]"
1,"[{'rouge-1': {'r': 0.29411764705882354, 'p': 0.45454545454545453, 'f': 0.357142852372449}, 'rouge-2': {'r': 0.13559322033898305, 'p': 0.23529411764705882, 'f': 0.17204300611400172}, 'rouge-l': {'r': 0.23529411764705882, 'p': 0.36363636363636365, 'f': 0.28571428094387763}}]","[{'rouge-1': {'r': 0.24324324324324326, 'p': 0.5454545454545454, 'f': 0.3364485938649664}, 'rouge-2': {'r': 0.06521739130434782, 'p': 0.17647058823529413, 'f': 0.09523809129755623}, 'rouge-l': {'r': 0.21621621621621623, 'p': 0.48484848484848486, 'f': 0.299065416294873}}]","[{'rouge-1': {'r': 0.17073170731707318, 'p': 0.21212121212121213, 'f': 0.18918918424762612}, 'rouge-2': {'r': 0.06521739130434782, 'p': 0.08823529411764706, 'f': 0.07499999511250031}, 'rouge-l': {'r': 0.17073170731707318, 'p': 0.21212121212121213, 'f': 0.18918918424762612}}]"
2,"[{'rouge-1': {'r': 0.46875, 'p': 0.5263157894736842, 'f': 0.49586776361177515}, 'rouge-2': {'r': 0.16, 'p': 0.19047619047619047, 'f': 0.17391303851606818}, 'rouge-l': {'r': 0.46875, 'p': 0.5263157894736842, 'f': 0.49586776361177515}}]","[{'rouge-1': {'r': 0.21008403361344538, 'p': 0.43859649122807015, 'f': 0.28409090471138954}, 'rouge-2': {'r': 0.044585987261146494, 'p': 0.1111111111111111, 'f': 0.06363635954917382}, 'rouge-l': {'r': 0.18487394957983194, 'p': 0.38596491228070173, 'f': 0.24999999562048042}}]","[{'rouge-1': {'r': 0.5, 'p': 0.5263157894736842, 'f': 0.5128205078238003}, 'rouge-2': {'r': 0.1780821917808219, 'p': 0.20634920634920634, 'f': 0.1911764656152683}, 'rouge-l': {'r': 0.4666666666666667, 'p': 0.49122807017543857, 'f': 0.47863247363576594}}]"
3,"[{'rouge-1': {'r': 0.24528301886792453, 'p': 0.29545454545454547, 'f': 0.26804123215644604}, 'rouge-2': {'r': 0.01639344262295082, 'p': 0.02127659574468085, 'f': 0.018518513602539026}, 'rouge-l': {'r': 0.22641509433962265, 'p': 0.2727272727272727, 'f': 0.2474226754554151}}]","[{'rouge-1': {'r': 0.09734513274336283, 'p': 0.25, 'f': 0.14012738450079124}, 'rouge-2': {'r': 0.007194244604316547, 'p': 0.02127659574468085, 'f': 0.010752684395307141}, 'rouge-l': {'r': 0.08849557522123894, 'p': 0.22727272727272727, 'f': 0.12738853099760652}}]","[{'rouge-1': {'r': 0.42, 'p': 0.4772727272727273, 'f': 0.44680850565866914}, 'rouge-2': {'r': 0.24074074074074073, 'p': 0.2765957446808511, 'f': 0.25742573759827475}, 'rouge-l': {'r': 0.4, 'p': 0.45454545454545453, 'f': 0.4255319099139883}}]"
4,"[{'rouge-1': {'r': 0.3137254901960784, 'p': 0.2807017543859649, 'f': 0.29629629131172847}, 'rouge-2': {'r': 0.1206896551724138, 'p': 0.11666666666666667, 'f': 0.11864406279804676}, 'rouge-l': {'r': 0.3137254901960784, 'p': 0.2807017543859649, 'f': 0.29629629131172847}}]","[{'rouge-1': {'r': 0.16666666666666666, 'p': 0.2807017543859649, 'f': 0.20915032212226078}, 'rouge-2': {'r': 0.03389830508474576, 'p': 0.06666666666666667, 'f': 0.04494381575558686}, 'rouge-l': {'r': 0.15625, 'p': 0.2631578947368421, 'f': 0.19607842669742417}}]","[{'rouge-1': {'r': 0.26666666666666666, 'p': 0.21052631578947367, 'f': 0.23529411271626308}, 'rouge-2': {'r': 0.10909090909090909, 'p': 0.1, 'f': 0.10434782109640856}, 'rouge-l': {'r': 0.2222222222222222, 'p': 0.17543859649122806, 'f': 0.1960784264417533}}]"
5,"[{'rouge-1': {'r': 0.37777777777777777, 'p': 0.4722222222222222, 'f': 0.41975308148148155}, 'rouge-2': {'r': 0.125, 'p': 0.1794871794871795, 'f': 0.14736841621274252}, 'rouge-l': {'r': 0.37777777777777777, 'p': 0.4722222222222222, 'f': 0.41975308148148155}}]","[{'rouge-1': {'r': 0.26, 'p': 0.3611111111111111, 'f': 0.30232557652785297}, 'rouge-2': {'r': 0.07692307692307693, 'p': 0.10256410256410256, 'f': 0.087912083014129}, 'rouge-l': {'r': 0.2, 'p': 0.2777777777777778, 'f': 0.2325581346673879}}]","[{'rouge-1': {'r': 0.2978723404255319, 'p': 0.3888888888888889, 'f': 0.3373493926781827}, 'rouge-2': {'r': 0.09090909090909091, 'p': 0.1282051282051282, 'f': 0.10638297386826641}, 'rouge-l': {'r': 0.2978723404255319, 'p': 0.3888888888888889, 'f': 0.3373493926781827}}]"
6,"[{'rouge-1': {'r': 0.25, 'p': 0.35, 'f': 0.2916666618055556}, 'rouge-2': {'r': 0.1, 'p': 0.15, 'f': 0.1199999952000002}, 'rouge-l': {'r': 0.25, 'p': 0.35, 'f': 0.2916666618055556}}]","[{'rouge-1': {'r': 0.08045977011494253, 'p': 0.35, 'f': 0.13084111845576038}, 'rouge-2': {'r': 0.017857142857142856, 'p': 0.1, 'f': 0.030303027731864315}, 'rouge-l': {'r': 0.08045977011494253, 'p': 0.35, 'f': 0.13084111845576038}}]","[{'rouge-1': {'r': 0.16, 'p': 0.4, 'f': 0.22857142448979595}, 'rouge-2': {'r': 0.03508771929824561, 'p': 0.1, 'f': 0.05194804810254709}, 'rouge-l': {'r': 0.12, 'p': 0.3, 'f': 0.17142856734693887}}]"
7,"[{'rouge-1': {'r': 0.4375, 'p': 0.45652173913043476, 'f': 0.44680850564056135}, 'rouge-2': {'r': 0.32653061224489793, 'p': 0.32653061224489793, 'f': 0.32653060724489796}, 'rouge-l': {'r': 0.4375, 'p': 0.45652173913043476, 'f': 0.44680850564056135}}]","[{'rouge-1': {'r': 0.20618556701030927, 'p': 0.43478260869565216, 'f': 0.2797202753562522}, 'rouge-2': {'r': 0.09375, 'p': 0.24489795918367346, 'f': 0.13559321633502516}, 'rouge-l': {'r': 0.1958762886597938, 'p': 0.41304347826086957, 'f': 0.2657342613702382}}]","[{'rouge-1': {'r': 0.17857142857142858, 'p': 0.21739130434782608, 'f': 0.19607842642060758}, 'rouge-2': {'r': 0.015873015873015872, 'p': 0.02040816326530612, 'f': 0.01785713793526921}, 'rouge-l': {'r': 0.14285714285714285, 'p': 0.17391304347826086, 'f': 0.1568627401460978}}]"
8,"[{'rouge-1': {'r': 0.5142857142857142, 'p': 0.4090909090909091, 'f': 0.455696197596539}, 'rouge-2': {'r': 0.15789473684210525, 'p': 0.11320754716981132, 'f': 0.13186812700398517}, 'rouge-l': {'r': 0.5142857142857142, 'p': 0.4090909090909091, 'f': 0.455696197596539}}]","[{'rouge-1': {'r': 0.21621621621621623, 'p': 0.36363636363636365, 'f': 0.27118643600114917}, 'rouge-2': {'r': 0.045454545454545456, 'p': 0.07547169811320754, 'f': 0.05673758396056575}, 'rouge-l': {'r': 0.21621621621621623, 'p': 0.36363636363636365, 'f': 0.27118643600114917}}]","[{'rouge-1': {'r': 0.2, 'p': 0.20454545454545456, 'f': 0.20224718601186734}, 'rouge-2': {'r': 0.018867924528301886, 'p': 0.018867924528301886, 'f': 0.01886791952830321}, 'rouge-l': {'r': 0.2, 'p': 0.20454545454545456, 'f': 0.20224718601186734}}]"
9,"[{'rouge-1': {'r': 0.3023255813953488, 'p': 0.2826086956521739, 'f': 0.29213482646635525}, 'rouge-2': {'r': 0.019230769230769232, 'p': 0.0196078431372549, 'f': 0.019417470728627925}, 'rouge-l': {'r': 0.27906976744186046, 'p': 0.2608695652173913, 'f': 0.26966291635399575}}]","[{'rouge-1': {'r': 0.17647058823529413, 'p': 0.45652173913043476, 'f': 0.2545454505241507}, 'rouge-2': {'r': 0.03205128205128205, 'p': 0.09803921568627451, 'f': 0.04830917503045608}, 'rouge-l': {'r': 0.15126050420168066, 'p': 0.391304347826087, 'f': 0.2181818141605143}}]","[{'rouge-1': {'r': 0.275, 'p': 0.2391304347826087, 'f': 0.2558139485127096}, 'rouge-2': {'r': 0.05172413793103448, 'p': 0.058823529411764705, 'f': 0.055045866580254635}, 'rouge-l': {'r': 0.275, 'p': 0.2391304347826087, 'f': 0.2558139485127096}}]"
10,"[{'rouge-1': {'r': 0.7209302325581395, 'p': 0.36046511627906974, 'f': 0.48062015059431523}, 'rouge-2': {'r': 0.5964912280701754, 'p': 0.288135593220339, 'f': 0.3885714241789388}, 'rouge-l': {'r': 0.7209302325581395, 'p': 0.36046511627906974, 'f': 0.48062015059431523}}]","[{'rouge-1': {'r': 0.30177514792899407, 'p': 0.5930232558139535, 'f': 0.3999999955297194}, 'rouge-2': {'r': 0.1553784860557769, 'p': 0.3305084745762712, 'f': 0.21138210947070024}, 'rouge-l': {'r': 0.2781065088757396, 'p': 0.5465116279069767, 'f': 0.36862744651011153}}]","[{'rouge-1': {'r': 0.6349206349206349, 'p': 0.46511627906976744, 'f': 0.5369127467969912}, 'rouge-2': {'r': 0.37349397590361444, 'p': 0.2627118644067797, 'f': 0.3084577065943913}, 'rouge-l': {'r': 0.6031746031746031, 'p': 0.4418604651162791, 'f': 0.5100671092130985}}]"
11,"[{'rouge-1': {'r': 0.30985915492957744, 'p': 0.4489795918367347, 'f': 0.36666666183472224}, 'rouge-2': {'r': 0.08888888888888889, 'p': 0.14545454545454545, 'f': 0.11034482287752695}, 'rouge-l': {'r': 0.29577464788732394, 'p': 0.42857142857142855, 'f': 0.34999999516805563}}]","[{'rouge-1': {'r': 0.29213483146067415, 'p': 0.5306122448979592, 'f': 0.3768115896229784}, 'rouge-2': {'r': 0.1452991452991453, 'p': 0.3090909090909091, 'f': 0.19767441425432675}, 'rouge-l': {'r': 0.29213483146067415, 'p': 0.5306122448979592, 'f': 0.3768115896229784}}]","[{'rouge-1': {'r': 0.3275862068965517, 'p': 0.3877551020408163, 'f': 0.3551401819512622}, 'rouge-2': {'r': 0.11594202898550725, 'p': 0.14545454545454545, 'f': 0.129032253128252}, 'rouge-l': {'r': 0.3103448275862069, 'p': 0.3673469387755102, 'f': 0.33644859316621545}}]"
12,"[{'rouge-1': {'r': 0.6590909090909091, 'p': 0.6744186046511628, 'f': 0.6666666616673274}, 'rouge-2': {'r': 0.4230769230769231, 'p': 0.4583333333333333, 'f': 0.43999999500799997}, 'rouge-l': {'r': 0.6590909090909091, 'p': 0.6744186046511628, 'f': 0.6666666616673274}}]","[{'rouge-1': {'r': 0.1693548387096774, 'p': 0.4883720930232558, 'f': 0.2514970021642942}, 'rouge-2': {'r': 0.03389830508474576, 'p': 0.125, 'f': 0.0533333299768891}, 'rouge-l': {'r': 0.16129032258064516, 'p': 0.46511627906976744, 'f': 0.2395209542601026}}]","[{'rouge-1': {'r': 0.44, 'p': 0.5116279069767442, 'f': 0.4731182745982195}, 'rouge-2': {'r': 0.2, 'p': 0.25, 'f': 0.22222221728395072}, 'rouge-l': {'r': 0.4, 'p': 0.46511627906976744, 'f': 0.4301075219100474}}]"
13,"[{'rouge-1': {'r': 0.509090909090909, 'p': 0.5957446808510638, 'f': 0.5490196028738947}, 'rouge-2': {'r': 0.2833333333333333, 'p': 0.3090909090909091, 'f': 0.29565216892249535}, 'rouge-l': {'r': 0.509090909090909, 'p': 0.5957446808510638, 'f': 0.5490196028738947}}]","[{'rouge-1': {'r': 0.2727272727272727, 'p': 0.44680851063829785, 'f': 0.33870967271201874}, 'rouge-2': {'r': 0.09278350515463918, 'p': 0.16363636363636364, 'f': 0.11842104801333121}, 'rouge-l': {'r': 0.24675324675324675, 'p': 0.40425531914893614, 'f': 0.30645160819588974}}]","[{'rouge-1': {'r': 0.36538461538461536, 'p': 0.40425531914893614, 'f': 0.3838383788511377}, 'rouge-2': {'r': 0.15873015873015872, 'p': 0.18181818181818182, 'f': 0.16949152044671087}, 'rouge-l': {'r': 0.3269230769230769, 'p': 0.3617021276595745, 'f': 0.3434343384470973}}]"
14,"[{'rouge-1': {'r': 0.19642857142857142, 'p': 0.28205128205128205, 'f': 0.23157894252853198}, 'rouge-2': {'r': 0.017241379310344827, 'p': 0.023255813953488372, 'f': 0.019801975308304316}, 'rouge-l': {'r': 0.17857142857142858, 'p': 0.2564102564102564, 'f': 0.21052631094958457}}]","[{'rouge-1': {'r': 0.09027777777777778, 'p': 0.3333333333333333, 'f': 0.1420764993783034}, 'rouge-2': {'r': 0.0106951871657754, 'p': 0.046511627906976744, 'f': 0.017391301307751003}, 'rouge-l': {'r': 0.09027777777777778, 'p': 0.3333333333333333, 'f': 0.1420764993783034}}]","[{'rouge-1': {'r': 0.1864406779661017, 'p': 0.28205128205128205, 'f': 0.224489791126614}, 'rouge-2': {'r': 0.014492753623188406, 'p': 0.023255813953488372, 'f': 0.017857138126595642}, 'rouge-l': {'r': 0.1694915254237288, 'p': 0.2564102564102564, 'f': 0.20408162786130787}}]"
15,"[{'rouge-1': {'r': 0.5128205128205128, 'p': 0.425531914893617, 'f': 0.46511627411303413}, 'rouge-2': {'r': 0.3333333333333333, 'p': 0.2777777777777778, 'f': 0.30303029807162535}, 'rouge-l': {'r': 0.48717948717948717, 'p': 0.40425531914893614, 'f': 0.4418604601595457}}]","[{'rouge-1': {'r': 0.25, 'p': 0.44680851063829785, 'f': 0.3206106824217703}, 'rouge-2': {'r': 0.09803921568627451, 'p': 0.18518518518518517, 'f': 0.12820512367850115}, 'rouge-l': {'r': 0.2261904761904762, 'p': 0.40425531914893614, 'f': 0.29007633127673216}}]","[{'rouge-1': {'r': 0.2391304347826087, 'p': 0.23404255319148937, 'f': 0.23655913478552443}, 'rouge-2': {'r': 0.09803921568627451, 'p': 0.09259259259259259, 'f': 0.09523809024217712}, 'rouge-l': {'r': 0.2391304347826087, 'p': 0.23404255319148937, 'f': 0.23655913478552443}}]"
16,"[{'rouge-1': {'r': 0.06896551724137931, 'p': 0.18181818181818182, 'f': 0.09999999601250016}, 'rouge-2': {'r': 0.0, 'p': 0.0, 'f': 0.0}, 'rouge-l': {'r': 0.05172413793103448, 'p': 0.13636363636363635, 'f': 0.07499999601250022}}]","[{'rouge-1': {'r': 0.052083333333333336, 'p': 0.22727272727272727, 'f': 0.08474575967825348}, 'rouge-2': {'r': 0.0078125, 'p': 0.045454545454545456, 'f': 0.013333330830222692}, 'rouge-l': {'r': 0.052083333333333336, 'p': 0.22727272727272727, 'f': 0.08474575967825348}}]","[{'rouge-1': {'r': 0.06, 'p': 0.13636363636363635, 'f': 0.08333332908950639}, 'rouge-2': {'r': 0.0, 'p': 0.0, 'f': 0.0}, 'rouge-l': {'r': 0.04, 'p': 0.09090909090909091, 'f': 0.055555551311728714}}]"
17,"[{'rouge-1': {'r': 0.45161290322580644, 'p': 0.24561403508771928, 'f': 0.3181818136182852}, 'rouge-2': {'r': 0.3870967741935484, 'p': 0.18181818181818182, 'f': 0.2474226760633437}, 'rouge-l': {'r': 0.45161290322580644, 'p': 0.24561403508771928, 'f': 0.3181818136182852}}]","[{'rouge-1': {'r': 0.20304568527918782, 'p': 0.7017543859649122, 'f': 0.3149606264402629}, 'rouge-2': {'r': 0.12363636363636364, 'p': 0.5151515151515151, 'f': 0.19941348661432223}, 'rouge-l': {'r': 0.19796954314720813, 'p': 0.6842105263157895, 'f': 0.3070866106922314}}]","[{'rouge-1': {'r': 0.44642857142857145, 'p': 0.43859649122807015, 'f': 0.4424778711065863}, 'rouge-2': {'r': 0.2698412698412698, 'p': 0.25757575757575757, 'f': 0.2635658864755725}, 'rouge-l': {'r': 0.44642857142857145, 'p': 0.43859649122807015, 'f': 0.4424778711065863}}]"
18,"[{'rouge-1': {'r': 0.4935064935064935, 'p': 0.76, 'f': 0.5984251920763842}, 'rouge-2': {'r': 0.2765957446808511, 'p': 0.49056603773584906, 'f': 0.3537414919875978}, 'rouge-l': {'r': 0.4805194805194805, 'p': 0.74, 'f': 0.5826771605803212}}]","[{'rouge-1': {'r': 0.32857142857142857, 'p': 0.46, 'f': 0.3833333284722223}, 'rouge-2': {'r': 0.09523809523809523, 'p': 0.1509433962264151, 'f': 0.11678831642389065}, 'rouge-l': {'r': 0.2571428571428571, 'p': 0.36, 'f': 0.2999999951388889}}]","[{'rouge-1': {'r': 0.47540983606557374, 'p': 0.58, 'f': 0.5225225175716257}, 'rouge-2': {'r': 0.2465753424657534, 'p': 0.33962264150943394, 'f': 0.28571428084026207}, 'rouge-l': {'r': 0.47540983606557374, 'p': 0.58, 'f': 0.5225225175716257}}]"
19,"[{'rouge-1': {'r': 0.2549019607843137, 'p': 0.48148148148148145, 'f': 0.33333332880670613}, 'rouge-2': {'r': 0.12903225806451613, 'p': 0.2857142857142857, 'f': 0.17777777349135815}, 'rouge-l': {'r': 0.2549019607843137, 'p': 0.48148148148148145, 'f': 0.33333332880670613}}]","[{'rouge-1': {'r': 0.25, 'p': 0.6296296296296297, 'f': 0.3578947327734072}, 'rouge-2': {'r': 0.12048192771084337, 'p': 0.35714285714285715, 'f': 0.18018017640775918}, 'rouge-l': {'r': 0.23529411764705882, 'p': 0.5925925925925926, 'f': 0.33684210119445984}}]","[{'rouge-1': {'r': 0.1509433962264151, 'p': 0.2962962962962963, 'f': 0.1999999955281251}, 'rouge-2': {'r': 0.0, 'p': 0.0, 'f': 0.0}, 'rouge-l': {'r': 0.1509433962264151, 'p': 0.2962962962962963, 'f': 0.1999999955281251}}]"
20,"[{'rouge-1': {'r': 0.5272727272727272, 'p': 0.5918367346938775, 'f': 0.5576923027089498}, 'rouge-2': {'r': 0.2898550724637681, 'p': 0.4, 'f': 0.3361344489089754}, 'rouge-l': {'r': 0.509090909090909, 'p': 0.5714285714285714, 'f': 0.5384615334781805}}]","[{'rouge-1': {'r': 0.30952380952380953, 'p': 0.5306122448979592, 'f': 0.39097743895528303}, 'rouge-2': {'r': 0.12173913043478261, 'p': 0.28, 'f': 0.16969696547291102}, 'rouge-l': {'r': 0.2976190476190476, 'p': 0.5102040816326531, 'f': 0.37593984497032057}}]","[{'rouge-1': {'r': 0.421875, 'p': 0.5510204081632653, 'f': 0.4778761012827943}, 'rouge-2': {'r': 0.24358974358974358, 'p': 0.38, 'f': 0.29687499523925787}, 'rouge-l': {'r': 0.421875, 'p': 0.5510204081632653, 'f': 0.4778761012827943}}]"
21,"[{'rouge-1': {'r': 0.28125, 'p': 0.13043478260869565, 'f': 0.17821781745319093}, 'rouge-2': {'r': 0.0, 'p': 0.0, 'f': 0.0}, 'rouge-l': {'r': 0.28125, 'p': 0.13043478260869565, 'f': 0.17821781745319093}}]","[{'rouge-1': {'r': 0.21764705882352942, 'p': 0.5362318840579711, 'f': 0.3096234268552722}, 'rouge-2': {'r': 0.07234042553191489, 'p': 0.22077922077922077, 'f': 0.10897435525661585}, 'rouge-l': {'r': 0.20588235294117646, 'p': 0.5072463768115942, 'f': 0.292887025181632}}]","[{'rouge-1': {'r': 0.16666666666666666, 'p': 0.08695652173913043, 'f': 0.114285709779592}, 'rouge-2': {'r': 0.025, 'p': 0.012987012987012988, 'f': 0.017094012594054808}, 'rouge-l': {'r': 0.16666666666666666, 'p': 0.08695652173913043, 'f': 0.114285709779592}}]"
22,"[{'rouge-1': {'r': 0.047619047619047616, 'p': 0.07692307692307693, 'f': 0.058823524688581694}, 'rouge-2': {'r': 0.0, 'p': 0.0, 'f': 0.0}, 'rouge-l': {'r': 0.047619047619047616, 'p': 0.07692307692307693, 'f': 0.058823524688581694}}]","[{'rouge-1': {'r': 0.05555555555555555, 'p': 0.38461538461538464, 'f': 0.09708737643510233}, 'rouge-2': {'r': 0.008695652173913044, 'p': 0.07692307692307693, 'f': 0.015624998175049042}, 'rouge-l': {'r': 0.044444444444444446, 'p': 0.3076923076923077, 'f': 0.077669900706947}}]","[{'rouge-1': {'r': 0.0625, 'p': 0.23076923076923078, 'f': 0.09836065238376793}, 'rouge-2': {'r': 0.0, 'p': 0.0, 'f': 0.0}, 'rouge-l': {'r': 0.0625, 'p': 0.23076923076923078, 'f': 0.09836065238376793}}]"
23,"[{'rouge-1': {'r': 0.5833333333333334, 'p': 0.34146341463414637, 'f': 0.4307692261112427}, 'rouge-2': {'r': 0.28, 'p': 0.13725490196078433, 'f': 0.18421052190096965}, 'rouge-l': {'r': 0.5416666666666666, 'p': 0.3170731707317073, 'f': 0.39999999534201186}}]","[{'rouge-1': {'r': 0.18085106382978725, 'p': 0.4146341463414634, 'f': 0.2518518476224966}, 'rouge-2': {'r': 0.058333333333333334, 'p': 0.13725490196078433, 'f': 0.08187134084333662}, 'rouge-l': {'r': 0.1702127659574468, 'p': 0.3902439024390244, 'f': 0.2370370328076818}}]","[{'rouge-1': {'r': 0.19230769230769232, 'p': 0.12195121951219512, 'f': 0.14925372659389638}, 'rouge-2': {'r': 0.03333333333333333, 'p': 0.0196078431372549, 'f': 0.024691353360769053}, 'rouge-l': {'r': 0.19230769230769232, 'p': 0.12195121951219512, 'f': 0.14925372659389638}}]"
24,"[{'rouge-1': {'r': 0.2857142857142857, 'p': 0.3, 'f': 0.29268292183224276}, 'rouge-2': {'r': 0.04081632653061224, 'p': 0.045454545454545456, 'f': 0.043010747702625154}, 'rouge-l': {'r': 0.2619047619047619, 'p': 0.275, 'f': 0.2682926779298037}}]","[{'rouge-1': {'r': 0.15294117647058825, 'p': 0.325, 'f': 0.20799999564800012}, 'rouge-2': {'r': 0.0, 'p': 0.0, 'f': 0.0}, 'rouge-l': {'r': 0.1411764705882353, 'p': 0.3, 'f': 0.1919999956480001}}]","[{'rouge-1': {'r': 0.23728813559322035, 'p': 0.35, 'f': 0.28282827801244775}, 'rouge-2': {'r': 0.02857142857142857, 'p': 0.045454545454545456, 'f': 0.03508771455832628}, 'rouge-l': {'r': 0.22033898305084745, 'p': 0.325, 'f': 0.26262625781042753}}]"
25,"[{'rouge-1': {'r': 0.2708333333333333, 'p': 0.43333333333333335, 'f': 0.33333332859960557}, 'rouge-2': {'r': 0.06666666666666667, 'p': 0.12903225806451613, 'f': 0.08791208341987707}, 'rouge-l': {'r': 0.2708333333333333, 'p': 0.43333333333333335, 'f': 0.33333332859960557}}]","[{'rouge-1': {'r': 0.18181818181818182, 'p': 0.5333333333333333, 'f': 0.27118643688595234}, 'rouge-2': {'r': 0.03418803418803419, 'p': 0.12903225806451613, 'f': 0.05405405074233038}, 'rouge-l': {'r': 0.18181818181818182, 'p': 0.5333333333333333, 'f': 0.27118643688595234}}]","[{'rouge-1': {'r': 0.2037037037037037, 'p': 0.36666666666666664, 'f': 0.26190475731292523}, 'rouge-2': {'r': 0.043478260869565216, 'p': 0.0967741935483871, 'f': 0.05999999572200031}, 'rouge-l': {'r': 0.2037037037037037, 'p': 0.36666666666666664, 'f': 0.26190475731292523}}]"
26,"[{'rouge-1': {'r': 0.4117647058823529, 'p': 0.6086956521739131, 'f': 0.4912280653616498}, 'rouge-2': {'r': 0.15384615384615385, 'p': 0.25, 'f': 0.19047618575963732}, 'rouge-l': {'r': 0.38235294117647056, 'p': 0.5652173913043478, 'f': 0.45614034606340415}}]","[{'rouge-1': {'r': 0.14736842105263157, 'p': 0.6086956521739131, 'f': 0.23728813245475439}, 'rouge-2': {'r': 0.022900763358778626, 'p': 0.125, 'f': 0.03870967480208134}, 'rouge-l': {'r': 0.12631578947368421, 'p': 0.5217391304347826, 'f': 0.20338982737000863}}]","[{'rouge-1': {'r': 0.19672131147540983, 'p': 0.5217391304347826, 'f': 0.2857142817375284}, 'rouge-2': {'r': 0.0945945945945946, 'p': 0.2916666666666667, 'f': 0.142857139158684}, 'rouge-l': {'r': 0.19672131147540983, 'p': 0.5217391304347826, 'f': 0.2857142817375284}}]"
27,"[{'rouge-1': {'r': 0.34285714285714286, 'p': 0.21818181818181817, 'f': 0.26666666191358035}, 'rouge-2': {'r': 0.15789473684210525, 'p': 0.09090909090909091, 'f': 0.11538461074704161}, 'rouge-l': {'r': 0.34285714285714286, 'p': 0.21818181818181817, 'f': 0.26666666191358035}}]","[{'rouge-1': {'r': 0.14516129032258066, 'p': 0.4909090909090909, 'f': 0.22406638651882718}, 'rouge-2': {'r': 0.04727272727272727, 'p': 0.19696969696969696, 'f': 0.0762463311891024}, 'rouge-l': {'r': 0.12903225806451613, 'p': 0.43636363636363634, 'f': 0.19917012095866118}}]","[{'rouge-1': {'r': 0.22388059701492538, 'p': 0.2727272727272727, 'f': 0.24590163439263651}, 'rouge-2': {'r': 0.08433734939759036, 'p': 0.10606060606060606, 'f': 0.09395972660871156}, 'rouge-l': {'r': 0.19402985074626866, 'p': 0.23636363636363636, 'f': 0.2131147491467349}}]"
28,"[{'rouge-1': {'r': 0.40476190476190477, 'p': 0.4722222222222222, 'f': 0.4358974309270217}, 'rouge-2': {'r': 0.2222222222222222, 'p': 0.25, 'f': 0.23529411266435996}, 'rouge-l': {'r': 0.3333333333333333, 'p': 0.3888888888888889, 'f': 0.3589743540039448}}]","[{'rouge-1': {'r': 0.4107142857142857, 'p': 0.6388888888888888, 'f': 0.49999999523629496}, 'rouge-2': {'r': 0.12121212121212122, 'p': 0.2, 'f': 0.15094339152723404}, 'rouge-l': {'r': 0.3392857142857143, 'p': 0.5277777777777778, 'f': 0.41304347349716447}}]","[{'rouge-1': {'r': 0.38095238095238093, 'p': 0.4444444444444444, 'f': 0.4102564052859961}, 'rouge-2': {'r': 0.19230769230769232, 'p': 0.25, 'f': 0.21739129943289237}, 'rouge-l': {'r': 0.38095238095238093, 'p': 0.4444444444444444, 'f': 0.4102564052859961}}]"
29,"[{'rouge-1': {'r': 0.37735849056603776, 'p': 0.4166666666666667, 'f': 0.39603959897264984}, 'rouge-2': {'r': 0.15873015873015872, 'p': 0.20408163265306123, 'f': 0.17857142364955372}, 'rouge-l': {'r': 0.37735849056603776, 'p': 0.4166666666666667, 'f': 0.39603959897264984}}]","[{'rouge-1': {'r': 0.2236842105263158, 'p': 0.3541666666666667, 'f': 0.2741935436420396}, 'rouge-2': {'r': 0.06976744186046512, 'p': 0.12244897959183673, 'f': 0.08888888426447214}, 'rouge-l': {'r': 0.21052631578947367, 'p': 0.3333333333333333, 'f': 0.2580645113839751}}]","[{'rouge-1': {'r': 0.25, 'p': 0.3125, 'f': 0.2777777728395062}, 'rouge-2': {'r': 0.057971014492753624, 'p': 0.08163265306122448, 'f': 0.06779660531312877}, 'rouge-l': {'r': 0.23333333333333334, 'p': 0.2916666666666667, 'f': 0.25925925432098773}}]"
30,"[{'rouge-1': {'r': 0.40540540540540543, 'p': 0.5, 'f': 0.44776118908442863}, 'rouge-2': {'r': 0.15217391304347827, 'p': 0.2028985507246377, 'f': 0.17391303858030185}, 'rouge-l': {'r': 0.36486486486486486, 'p': 0.45, 'f': 0.40298506968144354}}]","[{'rouge-1': {'r': 0.19607843137254902, 'p': 0.3333333333333333, 'f': 0.24691357558299043}, 'rouge-2': {'r': 0.028169014084507043, 'p': 0.057971014492753624, 'f': 0.03791468754161009}, 'rouge-l': {'r': 0.17647058823529413, 'p': 0.3, 'f': 0.22222221755829916}}]","[{'rouge-1': {'r': 0.3492063492063492, 'p': 0.36666666666666664, 'f': 0.3577235722387468}, 'rouge-2': {'r': 0.1267605633802817, 'p': 0.13043478260869565, 'f': 0.1285714235724492}, 'rouge-l': {'r': 0.3333333333333333, 'p': 0.35, 'f': 0.34146340963712074}}]"
31,"[{'rouge-1': {'r': 0.625, 'p': 0.7352941176470589, 'f': 0.6756756707085465}, 'rouge-2': {'r': 0.46808510638297873, 'p': 0.6111111111111112, 'f': 0.5301204770155321}, 'rouge-l': {'r': 0.6, 'p': 0.7058823529411765, 'f': 0.6486486436815194}}]","[{'rouge-1': {'r': 0.14018691588785046, 'p': 0.4411764705882353, 'f': 0.21276595378703286}, 'rouge-2': {'r': 0.04285714285714286, 'p': 0.16666666666666666, 'f': 0.06818181492768612}, 'rouge-l': {'r': 0.12149532710280374, 'p': 0.38235294117647056, 'f': 0.18439715946079174}}]","[{'rouge-1': {'r': 0.375, 'p': 0.4411764705882353, 'f': 0.40540540043827616}, 'rouge-2': {'r': 0.19607843137254902, 'p': 0.2777777777777778, 'f': 0.22988505261989708}, 'rouge-l': {'r': 0.325, 'p': 0.38235294117647056, 'f': 0.35135134638422216}}]"
32,"[{'rouge-1': {'r': 0.3, 'p': 0.13636363636363635, 'f': 0.1874999957031251}, 'rouge-2': {'r': 0.06666666666666667, 'p': 0.0273972602739726, 'f': 0.03883494732774104}, 'rouge-l': {'r': 0.26666666666666666, 'p': 0.12121212121212122, 'f': 0.16666666236979177}}]","[{'rouge-1': {'r': 0.13636363636363635, 'p': 0.22727272727272727, 'f': 0.17045454076704555}, 'rouge-2': {'r': 0.0070921985815602835, 'p': 0.0136986301369863, 'f': 0.00934578989737311}, 'rouge-l': {'r': 0.12727272727272726, 'p': 0.21212121212121213, 'f': 0.15909090440340923}}]","[{'rouge-1': {'r': 0.16393442622950818, 'p': 0.15151515151515152, 'f': 0.15748030996838008}, 'rouge-2': {'r': 0.014084507042253521, 'p': 0.0136986301369863, 'f': 0.013888883889855192}, 'rouge-l': {'r': 0.14754098360655737, 'p': 0.13636363636363635, 'f': 0.14173227847231712}}]"
33,"[{'rouge-1': {'r': 0.2972972972972973, 'p': 0.34375, 'f': 0.3188405747364}, 'rouge-2': {'r': 0.13333333333333333, 'p': 0.18181818181818182, 'f': 0.1538461489644972}, 'rouge-l': {'r': 0.2972972972972973, 'p': 0.34375, 'f': 0.3188405747364}}]","[{'rouge-1': {'r': 0.050761421319796954, 'p': 0.3125, 'f': 0.08733624213725907}, 'rouge-2': {'r': 0.0, 'p': 0.0, 'f': 0.0}, 'rouge-l': {'r': 0.050761421319796954, 'p': 0.3125, 'f': 0.08733624213725907}}]","[{'rouge-1': {'r': 0.23404255319148937, 'p': 0.34375, 'f': 0.27848100783848745}, 'rouge-2': {'r': 0.07547169811320754, 'p': 0.12121212121212122, 'f': 0.09302325108437018}, 'rouge-l': {'r': 0.23404255319148937, 'p': 0.34375, 'f': 0.27848100783848745}}]"
34,"[{'rouge-1': {'r': 0.4782608695652174, 'p': 0.5945945945945946, 'f': 0.5301204769865003}, 'rouge-2': {'r': 0.2857142857142857, 'p': 0.3333333333333333, 'f': 0.3076923027218935}, 'rouge-l': {'r': 0.4782608695652174, 'p': 0.5945945945945946, 'f': 0.5301204769865003}}]","[{'rouge-1': {'r': 0.0625, 'p': 0.13513513513513514, 'f': 0.08547008114544546}, 'rouge-2': {'r': 0.0, 'p': 0.0, 'f': 0.0}, 'rouge-l': {'r': 0.05, 'p': 0.10810810810810811, 'f': 0.06837606405142843}}]","[{'rouge-1': {'r': 0.18867924528301888, 'p': 0.2702702702702703, 'f': 0.22222221738024703}, 'rouge-2': {'r': 0.03389830508474576, 'p': 0.047619047619047616, 'f': 0.039603955537692984}, 'rouge-l': {'r': 0.18867924528301888, 'p': 0.2702702702702703, 'f': 0.22222221738024703}}]"
35,"[{'rouge-1': {'r': 0.39215686274509803, 'p': 0.5128205128205128, 'f': 0.44444443953333335}, 'rouge-2': {'r': 0.18032786885245902, 'p': 0.2391304347826087, 'f': 0.20560747173377597}, 'rouge-l': {'r': 0.37254901960784315, 'p': 0.48717948717948717, 'f': 0.4222222173111111}}]","[{'rouge-1': {'r': 0.2597402597402597, 'p': 0.5128205128205128, 'f': 0.3448275817434602}, 'rouge-2': {'r': 0.052083333333333336, 'p': 0.10869565217391304, 'f': 0.07042253083118456}, 'rouge-l': {'r': 0.23376623376623376, 'p': 0.46153846153846156, 'f': 0.31034482312277056}}]","[{'rouge-1': {'r': 0.3829787234042553, 'p': 0.46153846153846156, 'f': 0.41860464620605736}, 'rouge-2': {'r': 0.1346153846153846, 'p': 0.15217391304347827, 'f': 0.14285713787588525}, 'rouge-l': {'r': 0.3191489361702128, 'p': 0.38461538461538464, 'f': 0.34883720434559223}}]"
36,"[{'rouge-1': {'r': 0.21568627450980393, 'p': 0.2619047619047619, 'f': 0.23655913483177257}, 'rouge-2': {'r': 0.07692307692307693, 'p': 0.09615384615384616, 'f': 0.08547008053181417}, 'rouge-l': {'r': 0.21568627450980393, 'p': 0.2619047619047619, 'f': 0.23655913483177257}}]","[{'rouge-1': {'r': 0.08130081300813008, 'p': 0.23809523809523808, 'f': 0.12121211741708}, 'rouge-2': {'r': 0.023391812865497075, 'p': 0.07692307692307693, 'f': 0.035874435885700856}, 'rouge-l': {'r': 0.08130081300813008, 'p': 0.23809523809523808, 'f': 0.12121211741708}}]","[{'rouge-1': {'r': 0.1794871794871795, 'p': 0.16666666666666666, 'f': 0.17283950117969835}, 'rouge-2': {'r': 0.019230769230769232, 'p': 0.019230769230769232, 'f': 0.019230764230770532}, 'rouge-l': {'r': 0.1794871794871795, 'p': 0.16666666666666666, 'f': 0.17283950117969835}}]"
37,"[{'rouge-1': {'r': 0.30612244897959184, 'p': 0.4838709677419355, 'f': 0.374999995253125}, 'rouge-2': {'r': 0.17307692307692307, 'p': 0.2571428571428571, 'f': 0.20689654691504833}, 'rouge-l': {'r': 0.30612244897959184, 'p': 0.4838709677419355, 'f': 0.374999995253125}}]","[{'rouge-1': {'r': 0.35135135135135137, 'p': 0.8387096774193549, 'f': 0.495238091076644}, 'rouge-2': {'r': 0.27586206896551724, 'p': 0.6857142857142857, 'f': 0.39344261885917764}, 'rouge-l': {'r': 0.33783783783783783, 'p': 0.8064516129032258, 'f': 0.4761904720290249}}]","[{'rouge-1': {'r': 0.21153846153846154, 'p': 0.3548387096774194, 'f': 0.26506023628393094}, 'rouge-2': {'r': 0.034482758620689655, 'p': 0.05714285714285714, 'f': 0.043010747993988255}, 'rouge-l': {'r': 0.19230769230769232, 'p': 0.3225806451612903, 'f': 0.2409638507417623}}]"
38,"[{'rouge-1': {'r': 0.391304347826087, 'p': 0.5142857142857142, 'f': 0.444444439536656}, 'rouge-2': {'r': 0.12962962962962962, 'p': 0.17073170731707318, 'f': 0.14736841614626056}, 'rouge-l': {'r': 0.391304347826087, 'p': 0.5142857142857142, 'f': 0.444444439536656}}]","[{'rouge-1': {'r': 0.08928571428571429, 'p': 0.42857142857142855, 'f': 0.14778324837778162}, 'rouge-2': {'r': 0.008547008547008548, 'p': 0.04878048780487805, 'f': 0.014545452008198791}, 'rouge-l': {'r': 0.08928571428571429, 'p': 0.42857142857142855, 'f': 0.14778324837778162}}]","[{'rouge-1': {'r': 0.10714285714285714, 'p': 0.17142857142857143, 'f': 0.1318681271344042}, 'rouge-2': {'r': 0.0, 'p': 0.0, 'f': 0.0}, 'rouge-l': {'r': 0.10714285714285714, 'p': 0.17142857142857143, 'f': 0.1318681271344042}}]"
39,"[{'rouge-1': {'r': 0.175, 'p': 0.21212121212121213, 'f': 0.1917808169637832}, 'rouge-2': {'r': 0.041666666666666664, 'p': 0.05263157894736842, 'f': 0.04651162297458138}, 'rouge-l': {'r': 0.175, 'p': 0.21212121212121213, 'f': 0.1917808169637832}}]","[{'rouge-1': {'r': 0.22916666666666666, 'p': 0.3333333333333333, 'f': 0.27160493344307274}, 'rouge-2': {'r': 0.08620689655172414, 'p': 0.13157894736842105, 'f': 0.10416666188368078}, 'rouge-l': {'r': 0.22916666666666666, 'p': 0.3333333333333333, 'f': 0.27160493344307274}}]","[{'rouge-1': {'r': 0.20930232558139536, 'p': 0.2727272727272727, 'f': 0.23684210034972308}, 'rouge-2': {'r': 0.05555555555555555, 'p': 0.07894736842105263, 'f': 0.06521738645557693}, 'rouge-l': {'r': 0.20930232558139536, 'p': 0.2727272727272727, 'f': 0.23684210034972308}}]"
40,"[{'rouge-1': {'r': 0.6857142857142857, 'p': 0.46153846153846156, 'f': 0.5517241331219449}, 'rouge-2': {'r': 0.36585365853658536, 'p': 0.2542372881355932, 'f': 0.29999999516200004}, 'rouge-l': {'r': 0.6857142857142857, 'p': 0.46153846153846156, 'f': 0.5517241331219449}}]","[{'rouge-1': {'r': 0.27450980392156865, 'p': 0.5384615384615384, 'f': 0.363636359163434}, 'rouge-2': {'r': 0.11450381679389313, 'p': 0.2542372881355932, 'f': 0.1578947325601109}, 'rouge-l': {'r': 0.2647058823529412, 'p': 0.5192307692307693, 'f': 0.350649346176421}}]","[{'rouge-1': {'r': 0.5689655172413793, 'p': 0.6346153846153846, 'f': 0.599999995014876}, 'rouge-2': {'r': 0.36231884057971014, 'p': 0.423728813559322, 'f': 0.39062499503051756}, 'rouge-l': {'r': 0.5689655172413793, 'p': 0.6346153846153846, 'f': 0.599999995014876}}]"
41,"[{'rouge-1': {'r': 0.53125, 'p': 0.9444444444444444, 'f': 0.679999995392}, 'rouge-2': {'r': 0.4594594594594595, 'p': 0.85, 'f': 0.5964912235149277}, 'rouge-l': {'r': 0.5, 'p': 0.8888888888888888, 'f': 0.639999995392}}]","[{'rouge-1': {'r': 0.09433962264150944, 'p': 0.2777777777777778, 'f': 0.14084506663757204}, 'rouge-2': {'r': 0.016129032258064516, 'p': 0.05, 'f': 0.0243902402141588}, 'rouge-l': {'r': 0.07547169811320754, 'p': 0.2222222222222222, 'f': 0.112676052553065}}]","[{'rouge-1': {'r': 0.24, 'p': 0.6666666666666666, 'f': 0.3529411725778547}, 'rouge-2': {'r': 0.16393442622950818, 'p': 0.5, 'f': 0.24691357652796833}, 'rouge-l': {'r': 0.24, 'p': 0.6666666666666666, 'f': 0.3529411725778547}}]"
42,"[{'rouge-1': {'r': 0.18, 'p': 0.2727272727272727, 'f': 0.21686746508927285}, 'rouge-2': {'r': 0.017543859649122806, 'p': 0.02702702702702703, 'f': 0.021276590971028686}, 'rouge-l': {'r': 0.18, 'p': 0.2727272727272727, 'f': 0.21686746508927285}}]","[{'rouge-1': {'r': 0.10810810810810811, 'p': 0.36363636363636365, 'f': 0.16666666313368064}, 'rouge-2': {'r': 0.02097902097902098, 'p': 0.08108108108108109, 'f': 0.03333333006728428}, 'rouge-l': {'r': 0.10810810810810811, 'p': 0.36363636363636365, 'f': 0.16666666313368064}}]","[{'rouge-1': {'r': 0.17647058823529413, 'p': 0.2727272727272727, 'f': 0.2142857095153062}, 'rouge-2': {'r': 0.017241379310344827, 'p': 0.02702702702702703, 'f': 0.021052626823269773}, 'rouge-l': {'r': 0.17647058823529413, 'p': 0.2727272727272727, 'f': 0.2142857095153062}}]"
43,"[{'rouge-1': {'r': 0.38181818181818183, 'p': 0.42857142857142855, 'f': 0.40384614886279585}, 'rouge-2': {'r': 0.15254237288135594, 'p': 0.15789473684210525, 'f': 0.15517240879458993}, 'rouge-l': {'r': 0.36363636363636365, 'p': 0.40816326530612246, 'f': 0.3846153796320267}}]","[{'rouge-1': {'r': 0.1746031746031746, 'p': 0.4489795918367347, 'f': 0.25142856739657143}, 'rouge-2': {'r': 0.05142857142857143, 'p': 0.15789473684210525, 'f': 0.07758620319002692}, 'rouge-l': {'r': 0.16666666666666666, 'p': 0.42857142857142855, 'f': 0.23999999596800003}}]","[{'rouge-1': {'r': 0.23214285714285715, 'p': 0.2653061224489796, 'f': 0.24761904264126994}, 'rouge-2': {'r': 0.06349206349206349, 'p': 0.07017543859649122, 'f': 0.06666666167916704}, 'rouge-l': {'r': 0.21428571428571427, 'p': 0.24489795918367346, 'f': 0.2285714235936509}}]"
44,"[{'rouge-1': {'r': 0.26666666666666666, 'p': 0.4, 'f': 0.31999999520000005}, 'rouge-2': {'r': 0.07692307692307693, 'p': 0.13333333333333333, 'f': 0.09756097096966114}, 'rouge-l': {'r': 0.24444444444444444, 'p': 0.36666666666666664, 'f': 0.2933333285333334}}]","[{'rouge-1': {'r': 0.11666666666666667, 'p': 0.23333333333333334, 'f': 0.15555555111111127}, 'rouge-2': {'r': 0.02631578947368421, 'p': 0.06666666666666667, 'f': 0.03773584499822044}, 'rouge-l': {'r': 0.11666666666666667, 'p': 0.23333333333333334, 'f': 0.15555555111111127}}]","[{'rouge-1': {'r': 0.1794871794871795, 'p': 0.23333333333333334, 'f': 0.20289854580970398}, 'rouge-2': {'r': 0.04, 'p': 0.06666666666666667, 'f': 0.04999999531250044}, 'rouge-l': {'r': 0.1794871794871795, 'p': 0.23333333333333334, 'f': 0.20289854580970398}}]"
45,"[{'rouge-1': {'r': 1.0, 'p': 1.0, 'f': 0.999999995}, 'rouge-2': {'r': 1.0, 'p': 1.0, 'f': 0.999999995}, 'rouge-l': {'r': 1.0, 'p': 1.0, 'f': 0.999999995}}]","[{'rouge-1': {'r': 0.4787234042553192, 'p': 0.8653846153846154, 'f': 0.6164383515781573}, 'rouge-2': {'r': 0.3893805309734513, 'p': 0.7457627118644068, 'f': 0.5116279024695782}, 'rouge-l': {'r': 0.4787234042553192, 'p': 0.8653846153846154, 'f': 0.6164383515781573}}]","[{'rouge-1': {'r': 0.9629629629629629, 'p': 1.0, 'f': 0.9811320704734782}, 'rouge-2': {'r': 0.9672131147540983, 'p': 1.0, 'f': 0.9833333283347223}, 'rouge-l': {'r': 0.9629629629629629, 'p': 1.0, 'f': 0.9811320704734782}}]"
46,"[{'rouge-1': {'r': 0.6129032258064516, 'p': 0.5588235294117647, 'f': 0.5846153796260355}, 'rouge-2': {'r': 0.35135135135135137, 'p': 0.3333333333333333, 'f': 0.3421052581613574}, 'rouge-l': {'r': 0.6129032258064516, 'p': 0.5588235294117647, 'f': 0.5846153796260355}}]","[{'rouge-1': {'r': 0.4819277108433735, 'p': 0.5882352941176471, 'f': 0.5298013195526513}, 'rouge-2': {'r': 0.24778761061946902, 'p': 0.358974358974359, 'f': 0.29319371244538256}, 'rouge-l': {'r': 0.46987951807228917, 'p': 0.5735294117647058, 'f': 0.5165562864400686}}]","[{'rouge-1': {'r': 0.5303030303030303, 'p': 0.5147058823529411, 'f': 0.5223880547026064}, 'rouge-2': {'r': 0.27848101265822783, 'p': 0.28205128205128205, 'f': 0.28025477207026656}, 'rouge-l': {'r': 0.5, 'p': 0.4852941176470588, 'f': 0.49253730843394966}}]"
47,"[{'rouge-1': {'r': 0.7368421052631579, 'p': 0.5833333333333334, 'f': 0.6511627857652786}, 'rouge-2': {'r': 0.5714285714285714, 'p': 0.46153846153846156, 'f': 0.5106382929289273}, 'rouge-l': {'r': 0.7368421052631579, 'p': 0.5833333333333334, 'f': 0.6511627857652786}}]","[{'rouge-1': {'r': 0.15037593984962405, 'p': 0.4166666666666667, 'f': 0.22099447124080462}, 'rouge-2': {'r': 0.07344632768361582, 'p': 0.25, 'f': 0.1135371143936997}, 'rouge-l': {'r': 0.14285714285714285, 'p': 0.3958333333333333, 'f': 0.20994474748389857}}]","[{'rouge-1': {'r': 0.3148148148148148, 'p': 0.3541666666666667, 'f': 0.33333332835063445}, 'rouge-2': {'r': 0.23214285714285715, 'p': 0.25, 'f': 0.24074073574759955}, 'rouge-l': {'r': 0.3148148148148148, 'p': 0.3541666666666667, 'f': 0.33333332835063445}}]"
48,"[{'rouge-1': {'r': 0.4634146341463415, 'p': 0.3584905660377358, 'f': 0.40425531423042105}, 'rouge-2': {'r': 0.20454545454545456, 'p': 0.15517241379310345, 'f': 0.1764705833294888}, 'rouge-l': {'r': 0.4634146341463415, 'p': 0.3584905660377358, 'f': 0.40425531423042105}}]","[{'rouge-1': {'r': 0.25, 'p': 0.5660377358490566, 'f': 0.3468208049984965}, 'rouge-2': {'r': 0.08484848484848485, 'p': 0.2413793103448276, 'f': 0.12556053426773123}, 'rouge-l': {'r': 0.23333333333333334, 'p': 0.5283018867924528, 'f': 0.3236994177152595}}]","[{'rouge-1': {'r': 0.3387096774193548, 'p': 0.39622641509433965, 'f': 0.36521738633497164}, 'rouge-2': {'r': 0.11538461538461539, 'p': 0.15517241379310345, 'f': 0.13235293628460226}, 'rouge-l': {'r': 0.3387096774193548, 'p': 0.39622641509433965, 'f': 0.36521738633497164}}]"
49,"[{'rouge-1': {'r': 0.2391304347826087, 'p': 0.2972972972972973, 'f': 0.2650602360226449}, 'rouge-2': {'r': 0.05555555555555555, 'p': 0.07317073170731707, 'f': 0.0631578898304713}, 'rouge-l': {'r': 0.17391304347826086, 'p': 0.21621621621621623, 'f': 0.19277107939613888}}]","[{'rouge-1': {'r': 0.07878787878787878, 'p': 0.35135135135135137, 'f': 0.12871286829477507}, 'rouge-2': {'r': 0.004273504273504274, 'p': 0.024390243902439025, 'f': 0.007272724735471961}, 'rouge-l': {'r': 0.07878787878787878, 'p': 0.35135135135135137, 'f': 0.12871286829477507}}]","[{'rouge-1': {'r': 0.13333333333333333, 'p': 0.10810810810810811, 'f': 0.11940298012920493}, 'rouge-2': {'r': 0.0, 'p': 0.0, 'f': 0.0}, 'rouge-l': {'r': 0.13333333333333333, 'p': 0.10810810810810811, 'f': 0.11940298012920493}}]"
50,"[{'rouge-1': {'r': 0.2916666666666667, 'p': 0.358974358974359, 'f': 0.3218390755132779}, 'rouge-2': {'r': 0.07272727272727272, 'p': 0.1, 'f': 0.0842105214404435}, 'rouge-l': {'r': 0.2916666666666667, 'p': 0.358974358974359, 'f': 0.3218390755132779}}]","[{'rouge-1': {'r': 0.23529411764705882, 'p': 0.41025641025641024, 'f': 0.2990654159280287}, 'rouge-2': {'r': 0.012195121951219513, 'p': 0.025, 'f': 0.016393438215534642}, 'rouge-l': {'r': 0.19117647058823528, 'p': 0.3333333333333333, 'f': 0.24299064957288855}}]","[{'rouge-1': {'r': 0.20408163265306123, 'p': 0.2564102564102564, 'f': 0.22727272233729348}, 'rouge-2': {'r': 0.04918032786885246, 'p': 0.075, 'f': 0.05940593581021507}, 'rouge-l': {'r': 0.20408163265306123, 'p': 0.2564102564102564, 'f': 0.22727272233729348}}]"
51,"[{'rouge-1': {'r': 0.5588235294117647, 'p': 0.4523809523809524, 'f': 0.4999999950554017}, 'rouge-2': {'r': 0.30434782608695654, 'p': 0.28, 'f': 0.2916666616753473}, 'rouge-l': {'r': 0.5294117647058824, 'p': 0.42857142857142855, 'f': 0.47368420558171753}}]","[{'rouge-1': {'r': 0.2235294117647059, 'p': 0.4523809523809524, 'f': 0.299212593998388}, 'rouge-2': {'r': 0.09090909090909091, 'p': 0.2, 'f': 0.12499999570312517}, 'rouge-l': {'r': 0.17647058823529413, 'p': 0.35714285714285715, 'f': 0.23622046801413613}}]","[{'rouge-1': {'r': 0.36585365853658536, 'p': 0.35714285714285715, 'f': 0.361445778133256}, 'rouge-2': {'r': 0.2641509433962264, 'p': 0.28, 'f': 0.2718446551984165}, 'rouge-l': {'r': 0.36585365853658536, 'p': 0.35714285714285715, 'f': 0.361445778133256}}]"
52,"[{'rouge-1': {'r': 0.2926829268292683, 'p': 0.3333333333333333, 'f': 0.3116883067093945}, 'rouge-2': {'r': 0.061224489795918366, 'p': 0.06976744186046512, 'f': 0.06521738632561476}, 'rouge-l': {'r': 0.2926829268292683, 'p': 0.3333333333333333, 'f': 0.3116883067093945}}]","[{'rouge-1': {'r': 0.1919191919191919, 'p': 0.5277777777777778, 'f': 0.2814814775703704}, 'rouge-2': {'r': 0.03816793893129771, 'p': 0.11627906976744186, 'f': 0.057471260646717114}, 'rouge-l': {'r': 0.18181818181818182, 'p': 0.5, 'f': 0.26666666275555556}}]","[{'rouge-1': {'r': 0.2545454545454545, 'p': 0.3888888888888889, 'f': 0.30769230291027655}, 'rouge-2': {'r': 0.07042253521126761, 'p': 0.11627906976744186, 'f': 0.08771929354724556}, 'rouge-l': {'r': 0.2545454545454545, 'p': 0.3888888888888889, 'f': 0.30769230291027655}}]"
53,"[{'rouge-1': {'r': 0.6060606060606061, 'p': 0.46511627906976744, 'f': 0.5263157845602493}, 'rouge-2': {'r': 0.46153846153846156, 'p': 0.375, 'f': 0.4137930985017836}, 'rouge-l': {'r': 0.6060606060606061, 'p': 0.46511627906976744, 'f': 0.5263157845602493}}]","[{'rouge-1': {'r': 0.19101123595505617, 'p': 0.3953488372093023, 'f': 0.2575757531829661}, 'rouge-2': {'r': 0.043478260869565216, 'p': 0.10416666666666667, 'f': 0.061349689096315545}, 'rouge-l': {'r': 0.19101123595505617, 'p': 0.3953488372093023, 'f': 0.2575757531829661}}]","[{'rouge-1': {'r': 0.3617021276595745, 'p': 0.3953488372093023, 'f': 0.37777777278765434}, 'rouge-2': {'r': 0.1346153846153846, 'p': 0.14583333333333334, 'f': 0.13999999500800017}, 'rouge-l': {'r': 0.3404255319148936, 'p': 0.37209302325581395, 'f': 0.3555555505654321}}]"
54,"[{'rouge-1': {'r': 0.11538461538461539, 'p': 0.25, 'f': 0.15789473252077574}, 'rouge-2': {'r': 0.0, 'p': 0.0, 'f': 0.0}, 'rouge-l': {'r': 0.11538461538461539, 'p': 0.25, 'f': 0.15789473252077574}}]","[{'rouge-1': {'r': 0.11864406779661017, 'p': 0.5833333333333334, 'f': 0.19718309578258283}, 'rouge-2': {'r': 0.015151515151515152, 'p': 0.08333333333333333, 'f': 0.02564102303747561}, 'rouge-l': {'r': 0.11864406779661017, 'p': 0.5833333333333334, 'f': 0.19718309578258283}}]","[{'rouge-1': {'r': 0.09090909090909091, 'p': 0.4166666666666667, 'f': 0.14925372840276235}, 'rouge-2': {'r': 0.015625, 'p': 0.08333333333333333, 'f': 0.0263157868144047}, 'rouge-l': {'r': 0.09090909090909091, 'p': 0.4166666666666667, 'f': 0.14925372840276235}}]"
55,"[{'rouge-1': {'r': 0.27450980392156865, 'p': 0.42424242424242425, 'f': 0.33333332856292525}, 'rouge-2': {'r': 0.07407407407407407, 'p': 0.10810810810810811, 'f': 0.087912083086584}, 'rouge-l': {'r': 0.27450980392156865, 'p': 0.42424242424242425, 'f': 0.33333332856292525}}]","[{'rouge-1': {'r': 0.20253164556962025, 'p': 0.48484848484848486, 'f': 0.2857142815577169}, 'rouge-2': {'r': 0.057692307692307696, 'p': 0.16216216216216217, 'f': 0.08510637910769094}, 'rouge-l': {'r': 0.17721518987341772, 'p': 0.42424242424242425, 'f': 0.24999999584343116}}]","[{'rouge-1': {'r': 0.2903225806451613, 'p': 0.5454545454545454, 'f': 0.3789473638869807}, 'rouge-2': {'r': 0.14473684210526316, 'p': 0.2972972972972973, 'f': 0.19469026108230883}, 'rouge-l': {'r': 0.20967741935483872, 'p': 0.3939393939393939, 'f': 0.2736842059922438}}]"
56,"[{'rouge-1': {'r': 0.16216216216216217, 'p': 0.20689655172413793, 'f': 0.18181817689164384}, 'rouge-2': {'r': 0.05405405405405406, 'p': 0.06666666666666667, 'f': 0.0597014875918917}, 'rouge-l': {'r': 0.13513513513513514, 'p': 0.1724137931034483, 'f': 0.15151514658861356}}]","[{'rouge-1': {'r': 0.10434782608695652, 'p': 0.41379310344827586, 'f': 0.1666666634500386}, 'rouge-2': {'r': 0.01875, 'p': 0.1, 'f': 0.03157894470914149}, 'rouge-l': {'r': 0.10434782608695652, 'p': 0.41379310344827586, 'f': 0.1666666634500386}}]","[{'rouge-1': {'r': 0.19607843137254902, 'p': 0.3448275862068966, 'f': 0.24999999537812506}, 'rouge-2': {'r': 0.046875, 'p': 0.1, 'f': 0.063829782888185}, 'rouge-l': {'r': 0.17647058823529413, 'p': 0.3103448275862069, 'f': 0.22499999537812512}}]"
57,"[{'rouge-1': {'r': 0.4492753623188406, 'p': 0.7380952380952381, 'f': 0.558558553854395}, 'rouge-2': {'r': 0.25609756097560976, 'p': 0.42857142857142855, 'f': 0.32061068234018997}, 'rouge-l': {'r': 0.4057971014492754, 'p': 0.6666666666666666, 'f': 0.504504499800341}}]","[{'rouge-1': {'r': 0.2440944881889764, 'p': 0.7380952380952381, 'f': 0.36686390159028054}, 'rouge-2': {'r': 0.13496932515337423, 'p': 0.4489795918367347, 'f': 0.20754716625712002}, 'rouge-l': {'r': 0.2204724409448819, 'p': 0.6666666666666666, 'f': 0.33136094301039887}}]","[{'rouge-1': {'r': 0.4, 'p': 0.5238095238095238, 'f': 0.4536082425124881}, 'rouge-2': {'r': 0.18461538461538463, 'p': 0.24489795918367346, 'f': 0.21052631088796564}, 'rouge-l': {'r': 0.38181818181818183, 'p': 0.5, 'f': 0.43298968581145714}}]"
58,"[{'rouge-1': {'r': 0.42, 'p': 0.4883720930232558, 'f': 0.4516128982541335}, 'rouge-2': {'r': 0.07547169811320754, 'p': 0.08333333333333333, 'f': 0.07920791580433323}, 'rouge-l': {'r': 0.4, 'p': 0.46511627906976744, 'f': 0.4301075219100474}}]","[{'rouge-1': {'r': 0.20967741935483872, 'p': 0.6046511627906976, 'f': 0.31137724168525227}, 'rouge-2': {'r': 0.0718562874251497, 'p': 0.25, 'f': 0.11162790350849118}, 'rouge-l': {'r': 0.20161290322580644, 'p': 0.5813953488372093, 'f': 0.29940119378106067}}]","[{'rouge-1': {'r': 0.25396825396825395, 'p': 0.37209302325581395, 'f': 0.30188678763082955}, 'rouge-2': {'r': 0.06493506493506493, 'p': 0.10416666666666667, 'f': 0.07999999526912029}, 'rouge-l': {'r': 0.23809523809523808, 'p': 0.3488372093023256, 'f': 0.28301886310252766}}]"
59,"[{'rouge-1': {'r': 0.46511627906976744, 'p': 0.5, 'f': 0.4819277058499057}, 'rouge-2': {'r': 0.23076923076923078, 'p': 0.2553191489361702, 'f': 0.24242423743699634}, 'rouge-l': {'r': 0.46511627906976744, 'p': 0.5, 'f': 0.4819277058499057}}]","[{'rouge-1': {'r': 0.3442622950819672, 'p': 0.525, 'f': 0.4158415793745711}, 'rouge-2': {'r': 0.10144927536231885, 'p': 0.14893617021276595, 'f': 0.12068965035225941}, 'rouge-l': {'r': 0.29508196721311475, 'p': 0.45, 'f': 0.35643563878051177}}]","[{'rouge-1': {'r': 0.37037037037037035, 'p': 0.5, 'f': 0.42553191000452695}, 'rouge-2': {'r': 0.2028985507246377, 'p': 0.2978723404255319, 'f': 0.24137930552467307}, 'rouge-l': {'r': 0.37037037037037035, 'p': 0.5, 'f': 0.42553191000452695}}]"
60,"[{'rouge-1': {'r': 0.48717948717948717, 'p': 0.5588235294117647, 'f': 0.520547940228936}, 'rouge-2': {'r': 0.22448979591836735, 'p': 0.2972972972972973, 'f': 0.2558139485857221}, 'rouge-l': {'r': 0.46153846153846156, 'p': 0.5294117647058824, 'f': 0.4931506799549635}}]","[{'rouge-1': {'r': 0.12056737588652482, 'p': 0.5, 'f': 0.1942857111549388}, 'rouge-2': {'r': 0.04975124378109453, 'p': 0.2702702702702703, 'f': 0.08403361081950436}, 'rouge-l': {'r': 0.12056737588652482, 'p': 0.5, 'f': 0.1942857111549388}}]","[{'rouge-1': {'r': 0.2807017543859649, 'p': 0.47058823529411764, 'f': 0.35164834696775754}, 'rouge-2': {'r': 0.10526315789473684, 'p': 0.21621621621621623, 'f': 0.1415929159495655}, 'rouge-l': {'r': 0.2807017543859649, 'p': 0.47058823529411764, 'f': 0.35164834696775754}}]"
61,"[{'rouge-1': {'r': 0.5227272727272727, 'p': 0.575, 'f': 0.5476190426303855}, 'rouge-2': {'r': 0.2962962962962963, 'p': 0.37209302325581395, 'f': 0.329896902280795}, 'rouge-l': {'r': 0.5, 'p': 0.55, 'f': 0.5238095188208618}}]","[{'rouge-1': {'r': 0.21505376344086022, 'p': 0.5, 'f': 0.3007518754932444}, 'rouge-2': {'r': 0.09230769230769231, 'p': 0.27906976744186046, 'f': 0.13872831996391471}, 'rouge-l': {'r': 0.21505376344086022, 'p': 0.5, 'f': 0.3007518754932444}}]","[{'rouge-1': {'r': 0.36, 'p': 0.45, 'f': 0.3999999950617284}, 'rouge-2': {'r': 0.15625, 'p': 0.23255813953488372, 'f': 0.18691588304306067}, 'rouge-l': {'r': 0.36, 'p': 0.45, 'f': 0.3999999950617284}}]"
62,"[{'rouge-1': {'r': 0.27586206896551724, 'p': 0.27586206896551724, 'f': 0.27586206396551727}, 'rouge-2': {'r': 0.0625, 'p': 0.06060606060606061, 'f': 0.06153845653964538}, 'rouge-l': {'r': 0.27586206896551724, 'p': 0.27586206896551724, 'f': 0.27586206396551727}}]","[{'rouge-1': {'r': 0.17142857142857143, 'p': 0.20689655172413793, 'f': 0.18749999504394543}, 'rouge-2': {'r': 0.0, 'p': 0.0, 'f': 0.0}, 'rouge-l': {'r': 0.17142857142857143, 'p': 0.20689655172413793, 'f': 0.18749999504394543}}]","[{'rouge-1': {'r': 0.28846153846153844, 'p': 0.5172413793103449, 'f': 0.3703703657735102}, 'rouge-2': {'r': 0.06153846153846154, 'p': 0.12121212121212122, 'f': 0.08163264859433594}, 'rouge-l': {'r': 0.23076923076923078, 'p': 0.41379310344827586, 'f': 0.2962962916994361}}]"
63,"[{'rouge-1': {'r': 0.46511627906976744, 'p': 0.5128205128205128, 'f': 0.4878048730606782}, 'rouge-2': {'r': 0.2708333333333333, 'p': 0.28888888888888886, 'f': 0.2795698874783212}, 'rouge-l': {'r': 0.4418604651162791, 'p': 0.48717948717948717, 'f': 0.4634146291582392}}]","[{'rouge-1': {'r': 0.2696629213483146, 'p': 0.6153846153846154, 'f': 0.37499999576293946}, 'rouge-2': {'r': 0.09917355371900827, 'p': 0.26666666666666666, 'f': 0.14457830930105978}, 'rouge-l': {'r': 0.25842696629213485, 'p': 0.5897435897435898, 'f': 0.35937499576293946}}]","[{'rouge-1': {'r': 0.34285714285714286, 'p': 0.6153846153846154, 'f': 0.4403669678814915}, 'rouge-2': {'r': 0.18072289156626506, 'p': 0.3333333333333333, 'f': 0.23437499544067392}, 'rouge-l': {'r': 0.34285714285714286, 'p': 0.6153846153846154, 'f': 0.4403669678814915}}]"
64,"[{'rouge-1': {'r': 0.21739130434782608, 'p': 0.45454545454545453, 'f': 0.29411764268166096}, 'rouge-2': {'r': 0.037037037037037035, 'p': 0.1, 'f': 0.05405405010956932}, 'rouge-l': {'r': 0.17391304347826086, 'p': 0.36363636363636365, 'f': 0.23529411326989624}}]","[{'rouge-1': {'r': 0.05970149253731343, 'p': 0.36363636363636365, 'f': 0.10256410014135443}, 'rouge-2': {'r': 0.011494252873563218, 'p': 0.1, 'f': 0.020618554851737865}, 'rouge-l': {'r': 0.04477611940298507, 'p': 0.2727272727272727, 'f': 0.0769230745003288}}]","[{'rouge-1': {'r': 0.06382978723404255, 'p': 0.2727272727272727, 'f': 0.10344827278834728}, 'rouge-2': {'r': 0.0, 'p': 0.0, 'f': 0.0}, 'rouge-l': {'r': 0.0425531914893617, 'p': 0.18181818181818182, 'f': 0.06896551416765768}}]"
65,"[{'rouge-1': {'r': 0.26666666666666666, 'p': 0.2033898305084746, 'f': 0.2307692258598374}, 'rouge-2': {'r': 0.06, 'p': 0.046875, 'f': 0.052631574022776705}, 'rouge-l': {'r': 0.24444444444444444, 'p': 0.1864406779661017, 'f': 0.2115384566290682}}]","[{'rouge-1': {'r': 0.13924050632911392, 'p': 0.3728813559322034, 'f': 0.2027649729992143}, 'rouge-2': {'r': 0.013215859030837005, 'p': 0.046875, 'f': 0.020618553269801353}, 'rouge-l': {'r': 0.13291139240506328, 'p': 0.3559322033898305, 'f': 0.19354838313746317}}]","[{'rouge-1': {'r': 0.26785714285714285, 'p': 0.2542372881355932, 'f': 0.260869560220794}, 'rouge-2': {'r': 0.06451612903225806, 'p': 0.0625, 'f': 0.06349205849332365}, 'rouge-l': {'r': 0.25, 'p': 0.23728813559322035, 'f': 0.24347825587296795}}]"
66,"[{'rouge-1': {'r': 0.4857142857142857, 'p': 0.4473684210526316, 'f': 0.4657534196659786}, 'rouge-2': {'r': 0.3333333333333333, 'p': 0.3023255813953488, 'f': 0.317073165743605}, 'rouge-l': {'r': 0.4857142857142857, 'p': 0.4473684210526316, 'f': 0.4657534196659786}}]","[{'rouge-1': {'r': 0.19101123595505617, 'p': 0.4473684210526316, 'f': 0.26771653123938255}, 'rouge-2': {'r': 0.06779661016949153, 'p': 0.18604651162790697, 'f': 0.09937887807260538}, 'rouge-l': {'r': 0.1797752808988764, 'p': 0.42105263157894735, 'f': 0.25196849974331953}}]","[{'rouge-1': {'r': 0.25862068965517243, 'p': 0.39473684210526316, 'f': 0.31249999521701394}, 'rouge-2': {'r': 0.13432835820895522, 'p': 0.20930232558139536, 'f': 0.16363635887438033}, 'rouge-l': {'r': 0.25862068965517243, 'p': 0.39473684210526316, 'f': 0.31249999521701394}}]"
67,"[{'rouge-1': {'r': 0.391304347826087, 'p': 0.23076923076923078, 'f': 0.2903225759781478}, 'rouge-2': {'r': 0.25, 'p': 0.13333333333333333, 'f': 0.173913038941399}, 'rouge-l': {'r': 0.391304347826087, 'p': 0.23076923076923078, 'f': 0.2903225759781478}}]","[{'rouge-1': {'r': 0.15584415584415584, 'p': 0.3076923076923077, 'f': 0.20689654726070164}, 'rouge-2': {'r': 0.021739130434782608, 'p': 0.044444444444444446, 'f': 0.029197075880441823}, 'rouge-l': {'r': 0.15584415584415584, 'p': 0.3076923076923077, 'f': 0.20689654726070164}}]","[{'rouge-1': {'r': 0.1568627450980392, 'p': 0.20512820512820512, 'f': 0.1777777728666668}, 'rouge-2': {'r': 0.0, 'p': 0.0, 'f': 0.0}, 'rouge-l': {'r': 0.1568627450980392, 'p': 0.20512820512820512, 'f': 0.1777777728666668}}]"
68,"[{'rouge-1': {'r': 0.4090909090909091, 'p': 0.5, 'f': 0.44999999505}, 'rouge-2': {'r': 0.23076923076923078, 'p': 0.3, 'f': 0.26086956030245756}, 'rouge-l': {'r': 0.4090909090909091, 'p': 0.5, 'f': 0.44999999505}}]","[{'rouge-1': {'r': 0.12244897959183673, 'p': 0.5, 'f': 0.19672130831496912}, 'rouge-2': {'r': 0.020942408376963352, 'p': 0.1, 'f': 0.034632031768520324}, 'rouge-l': {'r': 0.11564625850340136, 'p': 0.4722222222222222, 'f': 0.18579234656633525}}]","[{'rouge-1': {'r': 0.20833333333333334, 'p': 0.2777777777777778, 'f': 0.23809523319727902}, 'rouge-2': {'r': 0.034482758620689655, 'p': 0.05, 'f': 0.040816321699292536}, 'rouge-l': {'r': 0.20833333333333334, 'p': 0.2777777777777778, 'f': 0.23809523319727902}}]"
69,"[{'rouge-1': {'r': 0.5319148936170213, 'p': 0.7352941176470589, 'f': 0.6172839457460754}, 'rouge-2': {'r': 0.39655172413793105, 'p': 0.5897435897435898, 'f': 0.47422679931554895}, 'rouge-l': {'r': 0.5319148936170213, 'p': 0.7352941176470589, 'f': 0.6172839457460754}}]","[{'rouge-1': {'r': 0.35365853658536583, 'p': 0.8529411764705882, 'f': 0.4999999958561237}, 'rouge-2': {'r': 0.27, 'p': 0.6923076923076923, 'f': 0.3884892045960355}, 'rouge-l': {'r': 0.34146341463414637, 'p': 0.8235294117647058, 'f': 0.48275861654577884}}]","[{'rouge-1': {'r': 0.32142857142857145, 'p': 0.5294117647058824, 'f': 0.39999999529876545}, 'rouge-2': {'r': 0.1780821917808219, 'p': 0.3333333333333333, 'f': 0.23214285260363526}, 'rouge-l': {'r': 0.32142857142857145, 'p': 0.5294117647058824, 'f': 0.39999999529876545}}]"
70,"[{'rouge-1': {'r': 0.40625, 'p': 0.4642857142857143, 'f': 0.43333332835555555}, 'rouge-2': {'r': 0.19480519480519481, 'p': 0.23809523809523808, 'f': 0.2142857093357144}, 'rouge-l': {'r': 0.390625, 'p': 0.44642857142857145, 'f': 0.416666661688889}}]","[{'rouge-1': {'r': 0.21705426356589147, 'p': 0.5, 'f': 0.3027026984812272}, 'rouge-2': {'r': 0.08875739644970414, 'p': 0.23809523809523808, 'f': 0.12931034087135862}, 'rouge-l': {'r': 0.1937984496124031, 'p': 0.44642857142857145, 'f': 0.2702702660487948}}]","[{'rouge-1': {'r': 0.4897959183673469, 'p': 0.42857142857142855, 'f': 0.4571428521650794}, 'rouge-2': {'r': 0.2962962962962963, 'p': 0.25396825396825395, 'f': 0.27350426853385934}, 'rouge-l': {'r': 0.4897959183673469, 'p': 0.42857142857142855, 'f': 0.4571428521650794}}]"
71,"[{'rouge-1': {'r': 0.23636363636363636, 'p': 0.3170731707317073, 'f': 0.27083332843967023}, 'rouge-2': {'r': 0.04918032786885246, 'p': 0.06976744186046512, 'f': 0.05769230284208621}, 'rouge-l': {'r': 0.23636363636363636, 'p': 0.3170731707317073, 'f': 0.27083332843967023}}]","[{'rouge-1': {'r': 0.13157894736842105, 'p': 0.24390243902439024, 'f': 0.17094016638761061}, 'rouge-2': {'r': 0.010416666666666666, 'p': 0.023255813953488372, 'f': 0.014388484935563611}, 'rouge-l': {'r': 0.11842105263157894, 'p': 0.21951219512195122, 'f': 0.15384614929359353}}]","[{'rouge-1': {'r': 0.30357142857142855, 'p': 0.4146341463414634, 'f': 0.3505154590370922}, 'rouge-2': {'r': 0.19402985074626866, 'p': 0.3023255813953488, 'f': 0.236363631601653}, 'rouge-l': {'r': 0.30357142857142855, 'p': 0.4146341463414634, 'f': 0.3505154590370922}}]"
72,"[{'rouge-1': {'r': 0.5217391304347826, 'p': 0.5, 'f': 0.5106382928746039}, 'rouge-2': {'r': 0.3148148148148148, 'p': 0.3269230769230769, 'f': 0.3207547119829121}, 'rouge-l': {'r': 0.5217391304347826, 'p': 0.5, 'f': 0.5106382928746039}}]","[{'rouge-1': {'r': 0.22784810126582278, 'p': 0.375, 'f': 0.2834645622270445}, 'rouge-2': {'r': 0.0707070707070707, 'p': 0.1346153846153846, 'f': 0.09271522727248828}, 'rouge-l': {'r': 0.21518987341772153, 'p': 0.3541666666666667, 'f': 0.26771653073098156}}]","[{'rouge-1': {'r': 0.22388059701492538, 'p': 0.3125, 'f': 0.2608695603538753}, 'rouge-2': {'r': 0.075, 'p': 0.11538461538461539, 'f': 0.09090908613406821}, 'rouge-l': {'r': 0.208955223880597, 'p': 0.2916666666666667, 'f': 0.24347825600604922}}]"
73,"[{'rouge-1': {'r': 0.14285714285714285, 'p': 0.14285714285714285, 'f': 0.14285713785714302}, 'rouge-2': {'r': 0.0, 'p': 0.0, 'f': 0.0}, 'rouge-l': {'r': 0.14285714285714285, 'p': 0.14285714285714285, 'f': 0.14285713785714302}}]","[{'rouge-1': {'r': 0.05747126436781609, 'p': 0.23809523809523808, 'f': 0.09259258945987665}, 'rouge-2': {'r': 0.009433962264150943, 'p': 0.05, 'f': 0.015873013202318414}, 'rouge-l': {'r': 0.05747126436781609, 'p': 0.23809523809523808, 'f': 0.09259258945987665}}]","[{'rouge-1': {'r': 0.18181818181818182, 'p': 0.47619047619047616, 'f': 0.2631578907375347}, 'rouge-2': {'r': 0.04918032786885246, 'p': 0.15, 'f': 0.07407407035512897}, 'rouge-l': {'r': 0.18181818181818182, 'p': 0.47619047619047616, 'f': 0.2631578907375347}}]"
74,"[{'rouge-1': {'r': 0.3, 'p': 0.30612244897959184, 'f': 0.30303029803081327}, 'rouge-2': {'r': 0.0967741935483871, 'p': 0.10909090909090909, 'f': 0.10256409758200039}, 'rouge-l': {'r': 0.3, 'p': 0.30612244897959184, 'f': 0.30303029803081327}}]","[{'rouge-1': {'r': 0.12650602409638553, 'p': 0.42857142857142855, 'f': 0.19534883368999464}, 'rouge-2': {'r': 0.02608695652173913, 'p': 0.10909090909090909, 'f': 0.04210526004309041}, 'rouge-l': {'r': 0.1144578313253012, 'p': 0.3877551020408163, 'f': 0.17674418252720395}}]","[{'rouge-1': {'r': 0.36507936507936506, 'p': 0.46938775510204084, 'f': 0.41071428079241074}, 'rouge-2': {'r': 0.17567567567567569, 'p': 0.23636363636363636, 'f': 0.2015503827053664}, 'rouge-l': {'r': 0.36507936507936506, 'p': 0.46938775510204084, 'f': 0.41071428079241074}}]"
75,"[{'rouge-1': {'r': 0.5789473684210527, 'p': 0.39285714285714285, 'f': 0.46808510156631966}, 'rouge-2': {'r': 0.19047619047619047, 'p': 0.12307692307692308, 'f': 0.14953270551139852}, 'rouge-l': {'r': 0.5263157894736842, 'p': 0.35714285714285715, 'f': 0.42553191007695795}}]","[{'rouge-1': {'r': 0.17557251908396945, 'p': 0.4107142857142857, 'f': 0.24598930061711805}, 'rouge-2': {'r': 0.028735632183908046, 'p': 0.07692307692307693, 'f': 0.04184100022408609}, 'rouge-l': {'r': 0.17557251908396945, 'p': 0.4107142857142857, 'f': 0.24598930061711805}}]","[{'rouge-1': {'r': 0.4523809523809524, 'p': 0.3392857142857143, 'f': 0.38775509714285716}, 'rouge-2': {'r': 0.14583333333333334, 'p': 0.1076923076923077, 'f': 0.12389380042289944}, 'rouge-l': {'r': 0.4523809523809524, 'p': 0.3392857142857143, 'f': 0.38775509714285716}}]"
76,"[{'rouge-1': {'r': 0.2923076923076923, 'p': 0.2638888888888889, 'f': 0.27737225778677616}, 'rouge-2': {'r': 0.04, 'p': 0.036585365853658534, 'f': 0.03821655551949435}, 'rouge-l': {'r': 0.27692307692307694, 'p': 0.25, 'f': 0.2627737176407907}}]","[{'rouge-1': {'r': 0.22580645161290322, 'p': 0.3888888888888889, 'f': 0.2857142810662225}, 'rouge-2': {'r': 0.012345679012345678, 'p': 0.024390243902439025, 'f': 0.016393438160441955}, 'rouge-l': {'r': 0.20967741935483872, 'p': 0.3611111111111111, 'f': 0.2653061178009164}}]","[{'rouge-1': {'r': 0.3684210526315789, 'p': 0.2916666666666667, 'f': 0.32558139041644135}, 'rouge-2': {'r': 0.07142857142857142, 'p': 0.06097560975609756, 'f': 0.06578946871537433}, 'rouge-l': {'r': 0.3508771929824561, 'p': 0.2777777777777778, 'f': 0.31007751444744913}}]"
77,"[{'rouge-1': {'r': 0.7450980392156863, 'p': 0.5277777777777778, 'f': 0.6178861740075353}, 'rouge-2': {'r': 0.5, 'p': 0.35294117647058826, 'f': 0.41379309859690844}, 'rouge-l': {'r': 0.7450980392156863, 'p': 0.5277777777777778, 'f': 0.6178861740075353}}]","[{'rouge-1': {'r': 0.14925373134328357, 'p': 0.2777777777777778, 'f': 0.19417475273447082}, 'rouge-2': {'r': 0.03888888888888889, 'p': 0.08235294117647059, 'f': 0.05283018432182308}, 'rouge-l': {'r': 0.13432835820895522, 'p': 0.25, 'f': 0.17475727700631552}}]","[{'rouge-1': {'r': 0.6440677966101694, 'p': 0.5277777777777778, 'f': 0.5801526668049648}, 'rouge-2': {'r': 0.43661971830985913, 'p': 0.36470588235294116, 'f': 0.39743589247616706}, 'rouge-l': {'r': 0.6440677966101694, 'p': 0.5277777777777778, 'f': 0.5801526668049648}}]"
78,"[{'rouge-1': {'r': 0.17647058823529413, 'p': 0.23076923076923078, 'f': 0.19999999508888905}, 'rouge-2': {'r': 0.05714285714285714, 'p': 0.07407407407407407, 'f': 0.06451612411550506}, 'rouge-l': {'r': 0.17647058823529413, 'p': 0.23076923076923078, 'f': 0.19999999508888905}}]","[{'rouge-1': {'r': 0.05813953488372093, 'p': 0.38461538461538464, 'f': 0.1010100987287012}, 'rouge-2': {'r': 0.0040650406504065045, 'p': 0.037037037037037035, 'f': 0.007326005543614329}, 'rouge-l': {'r': 0.05232558139534884, 'p': 0.34615384615384615, 'f': 0.09090908862769112}}]","[{'rouge-1': {'r': 0.05357142857142857, 'p': 0.11538461538461539, 'f': 0.07317072737656183}, 'rouge-2': {'r': 0.0, 'p': 0.0, 'f': 0.0}, 'rouge-l': {'r': 0.05357142857142857, 'p': 0.11538461538461539, 'f': 0.07317072737656183}}]"
79,"[{'rouge-1': {'r': 0.4, 'p': 0.3673469387755102, 'f': 0.3829787184133092}, 'rouge-2': {'r': 0.21153846153846154, 'p': 0.18032786885245902, 'f': 0.19469026051844324}, 'rouge-l': {'r': 0.37777777777777777, 'p': 0.3469387755102041, 'f': 0.3617021226686284}}]","[{'rouge-1': {'r': 0.15, 'p': 0.42857142857142855, 'f': 0.22222221838134434}, 'rouge-2': {'r': 0.005319148936170213, 'p': 0.01639344262295082, 'f': 0.008032124814762755}, 'rouge-l': {'r': 0.12857142857142856, 'p': 0.3673469387755102, 'f': 0.19047618663531263}}]","[{'rouge-1': {'r': 0.4, 'p': 0.40816326530612246, 'f': 0.40404039904091427}, 'rouge-2': {'r': 0.17647058823529413, 'p': 0.19672131147540983, 'f': 0.18604650664262976}, 'rouge-l': {'r': 0.4, 'p': 0.40816326530612246, 'f': 0.40404039904091427}}]"
80,"[{'rouge-1': {'r': 0.5, 'p': 0.5434782608695652, 'f': 0.5208333283420139}, 'rouge-2': {'r': 0.30357142857142855, 'p': 0.34, 'f': 0.32075471199715205}, 'rouge-l': {'r': 0.5, 'p': 0.5434782608695652, 'f': 0.5208333283420139}}]","[{'rouge-1': {'r': 0.22641509433962265, 'p': 0.2608695652173913, 'f': 0.24242423744923997}, 'rouge-2': {'r': 0.03278688524590164, 'p': 0.04, 'f': 0.03603603108513988}, 'rouge-l': {'r': 0.16981132075471697, 'p': 0.1956521739130435, 'f': 0.1818181768431794}}]","[{'rouge-1': {'r': 0.22807017543859648, 'p': 0.2826086956521739, 'f': 0.2524271795230465}, 'rouge-2': {'r': 0.02857142857142857, 'p': 0.04, 'f': 0.03333332847222294}, 'rouge-l': {'r': 0.21052631578947367, 'p': 0.2608695652173913, 'f': 0.23300970379489122}}]"
81,"[{'rouge-1': {'r': 0.3333333333333333, 'p': 0.3, 'f': 0.31578946869806096}, 'rouge-2': {'r': 0.06896551724137931, 'p': 0.06896551724137931, 'f': 0.06896551224137967}, 'rouge-l': {'r': 0.25925925925925924, 'p': 0.23333333333333334, 'f': 0.24561403010156982}}]","[{'rouge-1': {'r': 0.13186813186813187, 'p': 0.4, 'f': 0.19834710370876313}, 'rouge-2': {'r': 0.044642857142857144, 'p': 0.1724137931034483, 'f': 0.07092198254816172}, 'rouge-l': {'r': 0.10989010989010989, 'p': 0.3333333333333333, 'f': 0.1652892524690937}}]","[{'rouge-1': {'r': 0.13333333333333333, 'p': 0.2, 'f': 0.15999999520000013}, 'rouge-2': {'r': 0.037037037037037035, 'p': 0.06896551724137931, 'f': 0.048192766537959494}, 'rouge-l': {'r': 0.13333333333333333, 'p': 0.2, 'f': 0.15999999520000013}}]"
82,"[{'rouge-1': {'r': 0.2692307692307692, 'p': 0.4375, 'f': 0.3333333286167801}, 'rouge-2': {'r': 0.13846153846153847, 'p': 0.2727272727272727, 'f': 0.18367346492086642}, 'rouge-l': {'r': 0.2692307692307692, 'p': 0.4375, 'f': 0.3333333286167801}}]","[{'rouge-1': {'r': 0.30434782608695654, 'p': 0.4375, 'f': 0.35897435413543727}, 'rouge-2': {'r': 0.1509433962264151, 'p': 0.24242424242424243, 'f': 0.18604650689832355}, 'rouge-l': {'r': 0.2826086956521739, 'p': 0.40625, 'f': 0.33333332849441166}}]","[{'rouge-1': {'r': 0.1935483870967742, 'p': 0.375, 'f': 0.25531914444545045}, 'rouge-2': {'r': 0.08974358974358974, 'p': 0.21212121212121213, 'f': 0.126126121947894}, 'rouge-l': {'r': 0.1935483870967742, 'p': 0.375, 'f': 0.25531914444545045}}]"
83,"[{'rouge-1': {'r': 0.3466666666666667, 'p': 0.3291139240506329, 'f': 0.337662332665711}, 'rouge-2': {'r': 0.14942528735632185, 'p': 0.13131313131313133, 'f': 0.139784941257371}, 'rouge-l': {'r': 0.29333333333333333, 'p': 0.27848101265822783, 'f': 0.285714280717659}}]","[{'rouge-1': {'r': 0.22666666666666666, 'p': 0.43037974683544306, 'f': 0.29694322692168346}, 'rouge-2': {'r': 0.06698564593301436, 'p': 0.1414141414141414, 'f': 0.09090908654684624}, 'rouge-l': {'r': 0.22, 'p': 0.4177215189873418, 'f': 0.288209602467535}}]","[{'rouge-1': {'r': 0.45098039215686275, 'p': 0.2911392405063291, 'f': 0.35384614907810663}, 'rouge-2': {'r': 0.203125, 'p': 0.13131313131313133, 'f': 0.1595091976845197}, 'rouge-l': {'r': 0.39215686274509803, 'p': 0.25316455696202533, 'f': 0.3076923029242604}}]"
84,"[{'rouge-1': {'r': 0.4772727272727273, 'p': 0.5, 'f': 0.48837208802596}, 'rouge-2': {'r': 0.3090909090909091, 'p': 0.3695652173913043, 'f': 0.33663365840603865}, 'rouge-l': {'r': 0.4772727272727273, 'p': 0.5, 'f': 0.48837208802596}}]","[{'rouge-1': {'r': 0.21978021978021978, 'p': 0.47619047619047616, 'f': 0.3007518753779185}, 'rouge-2': {'r': 0.09565217391304348, 'p': 0.2391304347826087, 'f': 0.13664595865128673}, 'rouge-l': {'r': 0.18681318681318682, 'p': 0.40476190476190477, 'f': 0.2556390934230313}}]","[{'rouge-1': {'r': 0.22950819672131148, 'p': 0.3333333333333333, 'f': 0.2718446553643134}, 'rouge-2': {'r': 0.10666666666666667, 'p': 0.17391304347826086, 'f': 0.132231400245885}, 'rouge-l': {'r': 0.19672131147540983, 'p': 0.2857142857142857, 'f': 0.2330097039080027}}]"
85,"[{'rouge-1': {'r': 0.2631578947368421, 'p': 0.30612244897959184, 'f': 0.2830188629530082}, 'rouge-2': {'r': 0.06451612903225806, 'p': 0.07692307692307693, 'f': 0.07017543363496495}, 'rouge-l': {'r': 0.22807017543859648, 'p': 0.2653061224489796, 'f': 0.2452830138964045}}]","[{'rouge-1': {'r': 0.13821138211382114, 'p': 0.3469387755102041, 'f': 0.1976744145301515}, 'rouge-2': {'r': 0.012048192771084338, 'p': 0.038461538461538464, 'f': 0.01834862022052088}, 'rouge-l': {'r': 0.13008130081300814, 'p': 0.32653061224489793, 'f': 0.18604650755340735}}]","[{'rouge-1': {'r': 0.17307692307692307, 'p': 0.1836734693877551, 'f': 0.17821781678658968}, 'rouge-2': {'r': 0.0136986301369863, 'p': 0.019230769230769232, 'f': 0.015999995141121475}, 'rouge-l': {'r': 0.15384615384615385, 'p': 0.16326530612244897, 'f': 0.15841583658856992}}]"
86,"[{'rouge-1': {'r': 0.3181818181818182, 'p': 0.3111111111111111, 'f': 0.314606736573665}, 'rouge-2': {'r': 0.12, 'p': 0.12244897959183673, 'f': 0.12121211621263157}, 'rouge-l': {'r': 0.3181818181818182, 'p': 0.3111111111111111, 'f': 0.314606736573665}}]","[{'rouge-1': {'r': 0.189873417721519, 'p': 0.3333333333333333, 'f': 0.2419354792468783}, 'rouge-2': {'r': 0.02912621359223301, 'p': 0.061224489795918366, 'f': 0.03947367984158636}, 'rouge-l': {'r': 0.189873417721519, 'p': 0.3333333333333333, 'f': 0.2419354792468783}}]","[{'rouge-1': {'r': 0.3, 'p': 0.4, 'f': 0.3428571379591837}, 'rouge-2': {'r': 0.10666666666666667, 'p': 0.16326530612244897, 'f': 0.12903225328433943}, 'rouge-l': {'r': 0.3, 'p': 0.4, 'f': 0.3428571379591837}}]"
87,"[{'rouge-1': {'r': 0.3709677419354839, 'p': 0.6764705882352942, 'f': 0.47916666209201403}, 'rouge-2': {'r': 0.16901408450704225, 'p': 0.3157894736842105, 'f': 0.22018348169682697}, 'rouge-l': {'r': 0.3387096774193548, 'p': 0.6176470588235294, 'f': 0.4374999954253473}}]","[{'rouge-1': {'r': 0.19852941176470587, 'p': 0.7941176470588235, 'f': 0.3176470556235294}, 'rouge-2': {'r': 0.06557377049180328, 'p': 0.3157894736842105, 'f': 0.10859728222026582}, 'rouge-l': {'r': 0.19117647058823528, 'p': 0.7647058823529411, 'f': 0.3058823497411765}}]","[{'rouge-1': {'r': 0.27419354838709675, 'p': 0.5, 'f': 0.3541666620920139}, 'rouge-2': {'r': 0.125, 'p': 0.23684210526315788, 'f': 0.16363635911404972}, 'rouge-l': {'r': 0.27419354838709675, 'p': 0.5, 'f': 0.3541666620920139}}]"
88,"[{'rouge-1': {'r': 0.25, 'p': 0.8181818181818182, 'f': 0.3829787198189226}, 'rouge-2': {'r': 0.15789473684210525, 'p': 0.6, 'f': 0.24999999670138892}, 'rouge-l': {'r': 0.25, 'p': 0.8181818181818182, 'f': 0.3829787198189226}}]","[{'rouge-1': {'r': 0.04285714285714286, 'p': 0.2727272727272727, 'f': 0.07407407172687097}, 'rouge-2': {'r': 0.011235955056179775, 'p': 0.1, 'f': 0.020202018385879157}, 'rouge-l': {'r': 0.04285714285714286, 'p': 0.2727272727272727, 'f': 0.07407407172687097}}]","[{'rouge-1': {'r': 0.125, 'p': 0.6363636363636364, 'f': 0.2089552211361105}, 'rouge-2': {'r': 0.07936507936507936, 'p': 0.5, 'f': 0.13698629900544196}, 'rouge-l': {'r': 0.125, 'p': 0.6363636363636364, 'f': 0.2089552211361105}}]"
89,"[{'rouge-1': {'r': 0.34375, 'p': 0.6666666666666666, 'f': 0.45360824293336177}, 'rouge-2': {'r': 0.15584415584415584, 'p': 0.3333333333333333, 'f': 0.21238937618920833}, 'rouge-l': {'r': 0.34375, 'p': 0.6666666666666666, 'f': 0.45360824293336177}}]","[{'rouge-1': {'r': 0.1487603305785124, 'p': 0.5454545454545454, 'f': 0.23376623039888686}, 'rouge-2': {'r': 0.034482758620689655, 'p': 0.1388888888888889, 'f': 0.05524861559781466}, 'rouge-l': {'r': 0.1487603305785124, 'p': 0.5454545454545454, 'f': 0.23376623039888686}}]","[{'rouge-1': {'r': 0.36666666666666664, 'p': 0.6666666666666666, 'f': 0.4731182749913285}, 'rouge-2': {'r': 0.17105263157894737, 'p': 0.3611111111111111, 'f': 0.23214285278061228}, 'rouge-l': {'r': 0.36666666666666664, 'p': 0.6666666666666666, 'f': 0.4731182749913285}}]"
90,"[{'rouge-1': {'r': 0.25, 'p': 0.26666666666666666, 'f': 0.2580645111342353}, 'rouge-2': {'r': 0.15625, 'p': 0.15151515151515152, 'f': 0.15384614884733747}, 'rouge-l': {'r': 0.25, 'p': 0.26666666666666666, 'f': 0.2580645111342353}}]","[{'rouge-1': {'r': 0.13131313131313133, 'p': 0.43333333333333335, 'f': 0.2015503840274023}, 'rouge-2': {'r': 0.00819672131147541, 'p': 0.030303030303030304, 'f': 0.012903222454943637}, 'rouge-l': {'r': 0.13131313131313133, 'p': 0.43333333333333335, 'f': 0.2015503840274023}}]","[{'rouge-1': {'r': 0.1509433962264151, 'p': 0.26666666666666666, 'f': 0.19277107972129492}, 'rouge-2': {'r': 0.0, 'p': 0.0, 'f': 0.0}, 'rouge-l': {'r': 0.09433962264150944, 'p': 0.16666666666666666, 'f': 0.12048192309478897}}]"
91,"[{'rouge-1': {'r': 0.25, 'p': 0.5217391304347826, 'f': 0.3380281646340012}, 'rouge-2': {'r': 0.12727272727272726, 'p': 0.2916666666666667, 'f': 0.17721518564332647}, 'rouge-l': {'r': 0.25, 'p': 0.5217391304347826, 'f': 0.3380281646340012}}]","[{'rouge-1': {'r': 0.13333333333333333, 'p': 0.2608695652173913, 'f': 0.17647058375865063}, 'rouge-2': {'r': 0.04, 'p': 0.08333333333333333, 'f': 0.05405404967129327}, 'rouge-l': {'r': 0.13333333333333333, 'p': 0.2608695652173913, 'f': 0.17647058375865063}}]","[{'rouge-1': {'r': 0.21951219512195122, 'p': 0.391304347826087, 'f': 0.2812499953955079}, 'rouge-2': {'r': 0.06666666666666667, 'p': 0.125, 'f': 0.08695651720226867}, 'rouge-l': {'r': 0.21951219512195122, 'p': 0.391304347826087, 'f': 0.2812499953955079}}]"
92,"[{'rouge-1': {'r': 0.25, 'p': 0.2714285714285714, 'f': 0.26027396761118415}, 'rouge-2': {'r': 0.02197802197802198, 'p': 0.02564102564102564, 'f': 0.023668634082841283}, 'rouge-l': {'r': 0.23684210526315788, 'p': 0.2571428571428571, 'f': 0.24657533747419788}}]","[{'rouge-1': {'r': 0.3020833333333333, 'p': 0.4142857142857143, 'f': 0.34939758548410516}, 'rouge-2': {'r': 0.10743801652892562, 'p': 0.16666666666666666, 'f': 0.13065326156511217}, 'rouge-l': {'r': 0.28125, 'p': 0.38571428571428573, 'f': 0.3253011999419365}}]","[{'rouge-1': {'r': 0.25, 'p': 0.15714285714285714, 'f': 0.19298245140043102}, 'rouge-2': {'r': 0.02, 'p': 0.01282051282051282, 'f': 0.015624995239259263}, 'rouge-l': {'r': 0.22727272727272727, 'p': 0.14285714285714285, 'f': 0.17543859175130824}}]"
93,"[{'rouge-1': {'r': 0.16901408450704225, 'p': 0.3076923076923077, 'f': 0.21818181360495878}, 'rouge-2': {'r': 0.06818181818181818, 'p': 0.13953488372093023, 'f': 0.09160304902511529}, 'rouge-l': {'r': 0.16901408450704225, 'p': 0.3076923076923077, 'f': 0.21818181360495878}}]","[{'rouge-1': {'r': 0.2077922077922078, 'p': 0.41025641025641024, 'f': 0.27586206450208095}, 'rouge-2': {'r': 0.05555555555555555, 'p': 0.11627906976744186, 'f': 0.07518796554921162}, 'rouge-l': {'r': 0.2077922077922078, 'p': 0.41025641025641024, 'f': 0.27586206450208095}}]","[{'rouge-1': {'r': 0.20754716981132076, 'p': 0.28205128205128205, 'f': 0.23913042989839328}, 'rouge-2': {'r': 0.07352941176470588, 'p': 0.11627906976744186, 'f': 0.09009008534372236}, 'rouge-l': {'r': 0.20754716981132076, 'p': 0.28205128205128205, 'f': 0.23913042989839328}}]"
94,"[{'rouge-1': {'r': 0.5, 'p': 0.6136363636363636, 'f': 0.551020403215327}, 'rouge-2': {'r': 0.31746031746031744, 'p': 0.43478260869565216, 'f': 0.366972472185843}, 'rouge-l': {'r': 0.5, 'p': 0.6136363636363636, 'f': 0.551020403215327}}]","[{'rouge-1': {'r': 0.2465753424657534, 'p': 0.4090909090909091, 'f': 0.3076923029994887}, 'rouge-2': {'r': 0.09195402298850575, 'p': 0.17391304347826086, 'f': 0.12030074735485347}, 'rouge-l': {'r': 0.2465753424657534, 'p': 0.4090909090909091, 'f': 0.3076923029994887}}]","[{'rouge-1': {'r': 0.288135593220339, 'p': 0.38636363636363635, 'f': 0.33009708248468284}, 'rouge-2': {'r': 0.140625, 'p': 0.1956521739130435, 'f': 0.1636363587702481}, 'rouge-l': {'r': 0.288135593220339, 'p': 0.38636363636363635, 'f': 0.33009708248468284}}]"
95,"[{'rouge-1': {'r': 0.21153846153846154, 'p': 0.3333333333333333, 'f': 0.25882352466159175}, 'rouge-2': {'r': 0.08064516129032258, 'p': 0.15151515151515152, 'f': 0.10526315336066501}, 'rouge-l': {'r': 0.21153846153846154, 'p': 0.3333333333333333, 'f': 0.25882352466159175}}]","[{'rouge-1': {'r': 0.07746478873239436, 'p': 0.3333333333333333, 'f': 0.1257142826540409}, 'rouge-2': {'r': 0.026881720430107527, 'p': 0.15151515151515152, 'f': 0.045662097897041495}, 'rouge-l': {'r': 0.07746478873239436, 'p': 0.3333333333333333, 'f': 0.1257142826540409}}]","[{'rouge-1': {'r': 0.2, 'p': 0.2727272727272727, 'f': 0.23076922588757406}, 'rouge-2': {'r': 0.07017543859649122, 'p': 0.12121212121212122, 'f': 0.08888888424444467}, 'rouge-l': {'r': 0.2, 'p': 0.2727272727272727, 'f': 0.23076922588757406}}]"
96,"[{'rouge-1': {'r': 0.4782608695652174, 'p': 0.7096774193548387, 'f': 0.5714285666183169}, 'rouge-2': {'r': 0.36065573770491804, 'p': 0.6285714285714286, 'f': 0.45833332870008686}, 'rouge-l': {'r': 0.4782608695652174, 'p': 0.7096774193548387, 'f': 0.5714285666183169}}]","[{'rouge-1': {'r': 0.2962962962962963, 'p': 0.5161290322580645, 'f': 0.37647058360138413}, 'rouge-2': {'r': 0.16176470588235295, 'p': 0.3142857142857143, 'f': 0.21359222852295232}, 'rouge-l': {'r': 0.2962962962962963, 'p': 0.5161290322580645, 'f': 0.37647058360138413}}]","[{'rouge-1': {'r': 0.3442622950819672, 'p': 0.6774193548387096, 'f': 0.45652173466209833}, 'rouge-2': {'r': 0.25, 'p': 0.6, 'f': 0.3529411723183391}, 'rouge-l': {'r': 0.3442622950819672, 'p': 0.6774193548387096, 'f': 0.45652173466209833}}]"
97,"[{'rouge-1': {'r': 0.4166666666666667, 'p': 0.7692307692307693, 'f': 0.5405405359824691}, 'rouge-2': {'r': 0.2909090909090909, 'p': 0.5714285714285714, 'f': 0.38554216420380316}, 'rouge-l': {'r': 0.4166666666666667, 'p': 0.7692307692307693, 'f': 0.5405405359824691}}]","[{'rouge-1': {'r': 0.11627906976744186, 'p': 0.19230769230769232, 'f': 0.14492753153539187}, 'rouge-2': {'r': 0.0, 'p': 0.0, 'f': 0.0}, 'rouge-l': {'r': 0.09302325581395349, 'p': 0.15384615384615385, 'f': 0.11594202428901511}}]","[{'rouge-1': {'r': 0.34782608695652173, 'p': 0.6153846153846154, 'f': 0.4444444398302469}, 'rouge-2': {'r': 0.24074074074074073, 'p': 0.4642857142857143, 'f': 0.31707316623438436}, 'rouge-l': {'r': 0.34782608695652173, 'p': 0.6153846153846154, 'f': 0.4444444398302469}}]"
98,"[{'rouge-1': {'r': 0.3389830508474576, 'p': 0.425531914893617, 'f': 0.37735848563011753}, 'rouge-2': {'r': 0.19718309859154928, 'p': 0.2641509433962264, 'f': 0.2258064467182623}, 'rouge-l': {'r': 0.3220338983050847, 'p': 0.40425531914893614, 'f': 0.35849056110181565}}]","[{'rouge-1': {'r': 0.21428571428571427, 'p': 0.3191489361702128, 'f': 0.2564102516034773}, 'rouge-2': {'r': 0.05, 'p': 0.07547169811320754, 'f': 0.06015037114591027}, 'rouge-l': {'r': 0.21428571428571427, 'p': 0.3191489361702128, 'f': 0.2564102516034773}}]","[{'rouge-1': {'r': 0.44680851063829785, 'p': 0.44680851063829785, 'f': 0.4468085056382979}, 'rouge-2': {'r': 0.23214285714285715, 'p': 0.24528301886792453, 'f': 0.23853210509553077}, 'rouge-l': {'r': 0.425531914893617, 'p': 0.425531914893617, 'f': 0.425531909893617}}]"
99,"[{'rouge-1': {'r': 0.15789473684210525, 'p': 0.2, 'f': 0.1764705833044984}, 'rouge-2': {'r': 0.02564102564102564, 'p': 0.03225806451612903, 'f': 0.028571423636735545}, 'rouge-l': {'r': 0.15789473684210525, 'p': 0.2, 'f': 0.1764705833044984}}]","[{'rouge-1': {'r': 0.1308411214953271, 'p': 0.4666666666666667, 'f': 0.20437955862326176}, 'rouge-2': {'r': 0.044444444444444446, 'p': 0.1935483870967742, 'f': 0.07228915358905515}, 'rouge-l': {'r': 0.12149532710280374, 'p': 0.43333333333333335, 'f': 0.1897810184772764}}]","[{'rouge-1': {'r': 0.13636363636363635, 'p': 0.2, 'f': 0.16216215734112505}, 'rouge-2': {'r': 0.018867924528301886, 'p': 0.03225806451612903, 'f': 0.023809519152495243}, 'rouge-l': {'r': 0.13636363636363635, 'p': 0.2, 'f': 0.16216215734112505}}]"
